"Path","ExportStatus","ArtifactStatus","ArtifactImportFormat","ArtifactPayloadStatus","ExclusionPattern","SourceWidth","SourceHeight","DimensionStatus","SourceBytes","ImportMetadata","ImportModeName","ImportedFormats","VramTexture","CompressionTarget","AndroidFormat","Mipmaps","MipmapReview","SizeLimit","StaticMaxDisplayWidth","StaticMaxDisplayHeight","DisplayDiscovery","DisplayEvidence","DownsampleDecision","DecisionReasonCode"
"assets/android/launcher-adaptive-background-432.png","included","included","default","present","","432","432","measured","316741","tracked","Lossless","default","false","Lossless","LOSSLESS","false","disabled","0","","","unknown","No literal production display maximum was statically discoverable.","keep-current-native-viewport-bounded","SOURCE_WITHIN_NATIVE_VIEWPORT"
"assets/android/launcher-adaptive-background-clickable-432.png","included","included","default","present","","432","432","measured","316741","tracked","Lossless","default","false","Lossless","LOSSLESS","false","disabled","0","","","unknown","No literal production display maximum was statically discoverable.","keep-current-native-viewport-bounded","SOURCE_WITHIN_NATIVE_VIEWPORT"
"assets/android/launcher-adaptive-foreground-432.png","included","included","default","present","","432","432","measured","316741","tracked","Lossless","default","false","Lossless","LOSSLESS","false","disabled","0","","","unknown","No literal production display maximum was statically discoverable.","keep-current-native-viewport-bounded","SOURCE_WITHIN_NATIVE_VIEWPORT"
"assets/android/launcher-adaptive-foreground-clickable-432.png","included","included","default","present","","432","432","measured","316741","tracked","Lossless","default","false","Lossless","LOSSLESS","false","disabled","0","","","unknown","No literal production display maximum was statically discoverable.","keep-current-native-viewport-bounded","SOURCE_WITHIN_NATIVE_VIEWPORT"
"assets/android/launcher-main-192.png","included","included","default","present","","192","192","measured","74868","tracked","Lossless","default","false","Lossless","LOSSLESS","false","disabled","0","","","unknown","No literal production display maximum was statically discoverable.","keep-current-native-viewport-bounded","SOURCE_WITHIN_NATIVE_VIEWPORT"
"assets/android/launcher-main-clickable-192.png","included","included","default","present","","192","192","measured","74868","tracked","Lossless","default","false","Lossless","LOSSLESS","false","disabled","0","","","unknown","No literal production display maximum was statically discoverable.","keep-current-native-viewport-bounded","SOURCE_WITHIN_NATIVE_VIEWPORT"
"assets/content/achievements/achievement-credit.png","included","included","default","present","","512","392","measured","282588","tracked","Lossless","default","false","Lossless","LOSSLESS","false","disabled","0","","","unknown","No literal production display maximum was statically discoverable.","keep-current-native-viewport-bounded","SOURCE_WITHIN_NATIVE_VIEWPORT"
"assets/content/achievements/achievement-crit.png","included","included","default","present","","512","392","measured","282588","tracked","Lossless","default","false","Lossless","LOSSLESS","false","disabled","0","","","unknown","No literal production display maximum was statically discoverable.","keep-current-native-viewport-bounded","SOURCE_WITHIN_NATIVE_VIEWPORT"
"assets/content/achievements/achievement-cumulative-medals.png","included","included","astc","present","","512","512","measured","211845","tracked","VRAM Compressed","s3tc_bptc;etc2_astc","true","etc2_astc:s3tc_bptc;etc2_astc","ETC2_ASTC","false","disabled","0","","","unknown","No literal production display maximum was statically discoverable.","keep-current-native-viewport-bounded","SOURCE_WITHIN_NATIVE_VIEWPORT"
"assets/content/achievements/achievement-total-level.png","included","included","astc","present","","512","512","measured","145377","tracked","VRAM Compressed","s3tc_bptc;etc2_astc","true","etc2_astc:s3tc_bptc;etc2_astc","ETC2_ASTC","false","disabled","0","","","unknown","No literal production display maximum was statically discoverable.","keep-current-native-viewport-bounded","SOURCE_WITHIN_NATIVE_VIEWPORT"
"assets/content/build/actions/01-stack-bricks.png","included","included","default","present","","256","256","measured","31894","tracked","Lossless","default","false","Lossless","LOSSLESS","true","enabled","0","213.6","213.6","partial-static","docs/activity-database.json art via ActionArtUi.ACTION_ART_SIZE","keep-current-native-viewport-bounded","SOURCE_WITHIN_NATIVE_VIEWPORT"
"assets/content/build/actions/02-patch-fence-with-confidence.png","included","included","default","present","","256","256","measured","36646","tracked","Lossless","default","false","Lossless","LOSSLESS","true","enabled","0","213.6","213.6","partial-static","docs/activity-database.json art via ActionArtUi.ACTION_ART_SIZE","keep-current-native-viewport-bounded","SOURCE_WITHIN_NATIVE_VIEWPORT"
"assets/content/build/actions/03-hammer-one-suspicious-nail.png","included","included","default","present","","256","256","measured","36094","tracked","Lossless","default","false","Lossless","LOSSLESS","true","enabled","0","213.6","213.6","partial-static","docs/activity-database.json art via ActionArtUi.ACTION_ART_SIZE","keep-current-native-viewport-bounded","SOURCE_WITHIN_NATIVE_VIEWPORT"
"assets/content/build/actions/03-study-blueprint.png","included","included","default","present","","256","256","measured","42717","tracked","Lossless","default","false","Lossless","LOSSLESS","true","enabled","0","213.6","213.6","partial-static","docs/activity-database.json art via ActionArtUi.ACTION_ART_SIZE","keep-current-native-viewport-bounded","SOURCE_WITHIN_NATIVE_VIEWPORT"
"assets/content/build/actions/04-repair-small-shack.png","included","included","default","present","","256","256","measured","43608","tracked","Lossless","default","false","Lossless","LOSSLESS","true","enabled","0","213.6","213.6","partial-static","docs/activity-database.json art via ActionArtUi.ACTION_ART_SIZE","keep-current-native-viewport-bounded","SOURCE_WITHIN_NATIVE_VIEWPORT"
"assets/content/build/actions/05-install-door-that-mostly-opens.png","included","included","default","present","","256","256","measured","43952","tracked","Lossless","default","false","Lossless","LOSSLESS","true","enabled","0","213.6","213.6","partial-static","docs/activity-database.json art via ActionArtUi.ACTION_ART_SIZE","keep-current-native-viewport-bounded","SOURCE_WITHIN_NATIVE_VIEWPORT"
"assets/content/build/actions/06-build-market-stall.png","included","included","default","present","","256","256","measured","49736","tracked","Lossless","default","false","Lossless","LOSSLESS","true","enabled","0","213.6","213.6","partial-static","docs/activity-database.json art via ActionArtUi.ACTION_ART_SIZE","keep-current-native-viewport-bounded","SOURCE_WITHIN_NATIVE_VIEWPORT"
"assets/content/build/actions/07-add-roof-to-something-roofless.png","included","included","default","present","","256","256","measured","48344","tracked","Lossless","default","false","Lossless","LOSSLESS","true","enabled","0","213.6","213.6","partial-static","docs/activity-database.json art via ActionArtUi.ACTION_ART_SIZE","keep-current-native-viewport-bounded","SOURCE_WITHIN_NATIVE_VIEWPORT"
"assets/content/build/actions/07-frame-a-treehouse-platform.png","included","included","default","present","","256","256","measured","79213","tracked","Lossless","default","false","Lossless","LOSSLESS","true","enabled","0","213.6","213.6","partial-static","docs/activity-database.json art via ActionArtUi.ACTION_ART_SIZE","keep-current-native-viewport-bounded","SOURCE_WITHIN_NATIVE_VIEWPORT"
"assets/content/build/actions/08-pour-questionable-foundation.png","included","included","default","present","","256","256","measured","48373","tracked","Lossless","default","false","Lossless","LOSSLESS","true","enabled","0","213.6","213.6","partial-static","docs/activity-database.json art via ActionArtUi.ACTION_ART_SIZE","keep-current-native-viewport-bounded","SOURCE_WITHIN_NATIVE_VIEWPORT"
"assets/content/build/actions/09-upgrade-training-yard.png","included","included","default","present","","256","256","measured","43456","tracked","Lossless","default","false","Lossless","LOSSLESS","true","enabled","0","213.6","213.6","partial-static","docs/activity-database.json art via ActionArtUi.ACTION_ART_SIZE","keep-current-native-viewport-bounded","SOURCE_WITHIN_NATIVE_VIEWPORT"
"assets/content/build/actions/10-construct-fishing-pier.png","included","included","default","present","","256","256","measured","55138","tracked","Lossless","default","false","Lossless","LOSSLESS","true","enabled","0","213.6","213.6","partial-static","docs/activity-database.json art via ActionArtUi.ACTION_ART_SIZE","keep-current-native-viewport-bounded","SOURCE_WITHIN_NATIVE_VIEWPORT"
"assets/content/build/actions/11-raise-a-two-story-barn.png","included","included","default","present","","256","256","measured","51460","tracked","Lossless","default","false","Lossless","LOSSLESS","true","enabled","0","213.6","213.6","partial-static","docs/activity-database.json art via ActionArtUi.ACTION_ART_SIZE","keep-current-native-viewport-bounded","SOURCE_WITHIN_NATIVE_VIEWPORT"
"assets/content/build/actions/12-build-town-notice-board.png","included","included","default","present","","256","256","measured","38806","tracked","Lossless","default","false","Lossless","LOSSLESS","true","enabled","0","213.6","213.6","partial-static","docs/activity-database.json art via ActionArtUi.ACTION_ART_SIZE","keep-current-native-viewport-bounded","SOURCE_WITHIN_NATIVE_VIEWPORT"
"assets/content/build/actions/13-assemble-windmill-that-judges-you.png","included","included","default","present","","256","256","measured","50772","tracked","Lossless","default","false","Lossless","LOSSLESS","true","enabled","0","213.6","213.6","partial-static","docs/activity-database.json art via ActionArtUi.ACTION_ART_SIZE","keep-current-native-viewport-bounded","SOURCE_WITHIN_NATIVE_VIEWPORT"
"assets/content/build/actions/14-dig-emergency-basement.png","included","included","default","present","","256","256","measured","55818","tracked","Lossless","default","false","Lossless","LOSSLESS","true","enabled","0","213.6","213.6","partial-static","docs/activity-database.json art via ActionArtUi.ACTION_ART_SIZE","keep-current-native-viewport-bounded","SOURCE_WITHIN_NATIVE_VIEWPORT"
"assets/content/build/actions/15-raise-guild-hall.png","included","included","default","present","","256","256","measured","64638","tracked","Lossless","default","false","Lossless","LOSSLESS","true","enabled","0","213.6","213.6","partial-static","docs/activity-database.json art via ActionArtUi.ACTION_ART_SIZE","keep-current-native-viewport-bounded","SOURCE_WITHIN_NATIVE_VIEWPORT"
"assets/content/build/actions/16-build-bridge-over-tiny-puddle.png","included","included","default","present","","256","256","measured","42522","tracked","Lossless","default","false","Lossless","LOSSLESS","true","enabled","0","213.6","213.6","partial-static","docs/activity-database.json art via ActionArtUi.ACTION_ART_SIZE","keep-current-native-viewport-bounded","SOURCE_WITHIN_NATIVE_VIEWPORT"
"assets/content/build/actions/17-construct-suspiciously-tall-silo.png","included","included","default","present","","256","256","measured","40941","tracked","Lossless","default","false","Lossless","LOSSLESS","true","enabled","0","213.6","213.6","partial-static","docs/activity-database.json art via ActionArtUi.ACTION_ART_SIZE","keep-current-native-viewport-bounded","SOURCE_WITHIN_NATIVE_VIEWPORT"
"assets/content/build/actions/18-install-elevator-in-the-shack.png","included","included","default","present","","256","256","measured","37873","tracked","Lossless","default","false","Lossless","LOSSLESS","true","enabled","0","213.6","213.6","partial-static","docs/activity-database.json art via ActionArtUi.ACTION_ART_SIZE","keep-current-native-viewport-bounded","SOURCE_WITHIN_NATIVE_VIEWPORT"
"assets/content/build/actions/19-build-elite-tower.png","included","included","default","present","","256","256","measured","34536","tracked","Lossless","default","false","Lossless","LOSSLESS","true","enabled","0","213.6","213.6","partial-static","docs/activity-database.json art via ActionArtUi.ACTION_ART_SIZE","keep-current-native-viewport-bounded","SOURCE_WITHIN_NATIVE_VIEWPORT"
"assets/content/build/actions/20-add-second-elite-tower-on-top.png","included","included","default","present","","256","256","measured","48456","tracked","Lossless","default","false","Lossless","LOSSLESS","true","enabled","0","213.6","213.6","partial-static","docs/activity-database.json art via ActionArtUi.ACTION_ART_SIZE","keep-current-native-viewport-bounded","SOURCE_WITHIN_NATIVE_VIEWPORT"
"assets/content/build/actions/21-construct-underground-town.png","included","included","default","present","","256","256","measured","51474","tracked","Lossless","default","false","Lossless","LOSSLESS","true","enabled","0","213.6","213.6","partial-static","docs/activity-database.json art via ActionArtUi.ACTION_ART_SIZE","keep-current-native-viewport-bounded","SOURCE_WITHIN_NATIVE_VIEWPORT"
"assets/content/build/actions/22-build-weatherproof-weather.png","included","included","default","present","","256","256","measured","39208","tracked","Lossless","default","false","Lossless","LOSSLESS","true","enabled","0","213.6","213.6","partial-static","docs/activity-database.json art via ActionArtUi.ACTION_ART_SIZE","keep-current-native-viewport-bounded","SOURCE_WITHIN_NATIVE_VIEWPORT"
"assets/content/build/actions/23-renovate-the-horizon.png","included","included","default","present","","256","256","measured","43793","tracked","Lossless","default","false","Lossless","LOSSLESS","true","enabled","0","213.6","213.6","partial-static","docs/activity-database.json art via ActionArtUi.ACTION_ART_SIZE","keep-current-native-viewport-bounded","SOURCE_WITHIN_NATIVE_VIEWPORT"
"assets/content/build/actions/24-permit-the-impossible-megastructure.png","included","included","default","present","","256","256","measured","62264","tracked","Lossless","default","false","Lossless","LOSSLESS","true","enabled","0","213.6","213.6","partial-static","docs/activity-database.json art via ActionArtUi.ACTION_ART_SIZE","keep-current-native-viewport-bounded","SOURCE_WITHIN_NATIVE_VIEWPORT"
"assets/content/build/actions/25-build-the-building-that-builds-you.png","included","included","default","present","","256","256","measured","61801","tracked","Lossless","default","false","Lossless","LOSSLESS","true","enabled","0","213.6","213.6","partial-static","docs/activity-database.json art via ActionArtUi.ACTION_ART_SIZE","keep-current-native-viewport-bounded","SOURCE_WITHIN_NATIVE_VIEWPORT"
"assets/content/build/backgrounds/01-early.png","included","included","astc","present","","768","344","measured","307117","tracked","VRAM Compressed","s3tc_bptc;etc2_astc","true","etc2_astc:s3tc_bptc;etc2_astc","ETC2_ASTC","true","enabled","0","","","unknown","No literal production display maximum was statically discoverable.","keep-current-native-viewport-bounded","SOURCE_WITHIN_NATIVE_VIEWPORT"
"assets/content/build/backgrounds/02-rising.png","included","included","astc","present","","768","344","measured","361650","tracked","VRAM Compressed","s3tc_bptc;etc2_astc","true","etc2_astc:s3tc_bptc;etc2_astc","ETC2_ASTC","true","enabled","0","","","unknown","No literal production display maximum was statically discoverable.","keep-current-native-viewport-bounded","SOURCE_WITHIN_NATIVE_VIEWPORT"
"assets/content/build/backgrounds/03-mid.png","included","included","astc","present","","768","344","measured","374433","tracked","VRAM Compressed","s3tc_bptc;etc2_astc","true","etc2_astc:s3tc_bptc;etc2_astc","ETC2_ASTC","true","enabled","0","","","unknown","No literal production display maximum was statically discoverable.","keep-current-native-viewport-bounded","SOURCE_WITHIN_NATIVE_VIEWPORT"
"assets/content/build/backgrounds/04-late.png","included","included","astc","present","","768","344","measured","356268","tracked","VRAM Compressed","s3tc_bptc;etc2_astc","true","etc2_astc:s3tc_bptc;etc2_astc","ETC2_ASTC","true","enabled","0","","","unknown","No literal production display maximum was statically discoverable.","keep-current-native-viewport-bounded","SOURCE_WITHIN_NATIVE_VIEWPORT"
"assets/content/build/backgrounds/05-finale.png","included","included","astc","present","","768","344","measured","369457","tracked","VRAM Compressed","s3tc_bptc;etc2_astc","true","etc2_astc:s3tc_bptc;etc2_astc","ETC2_ASTC","true","enabled","0","","","unknown","No literal production display maximum was statically discoverable.","keep-current-native-viewport-bounded","SOURCE_WITHIN_NATIVE_VIEWPORT"
"assets/content/characters/stick-hero.png","included","included","astc","present","","1024","1536","measured","1333510","tracked","VRAM Compressed","s3tc_bptc;etc2_astc","true","etc2_astc:s3tc_bptc;etc2_astc","ETC2_ASTC","false","disabled","0","","","unknown","No literal production display maximum was statically discoverable.","keep-current-native-viewport-bounded","SOURCE_WITHIN_NATIVE_VIEWPORT"
"assets/content/combo/fishing/actions/fight-a-shark.png","included","included","default","present","","256","256","measured","79681","tracked","Lossless","default","false","Lossless","LOSSLESS","true","enabled","0","213.6","213.6","partial-static","docs/activity-database.json art via ActionArtUi.ACTION_ART_SIZE","keep-current-native-viewport-bounded","SOURCE_WITHIN_NATIVE_VIEWPORT"
"assets/content/combo/fishing/actions/fight-armored-catfish.png","included","included","default","present","","256","256","measured","65128","tracked","Lossless","default","false","Lossless","LOSSLESS","true","enabled","0","213.6","213.6","partial-static","docs/activity-database.json art via ActionArtUi.ACTION_ART_SIZE","keep-current-native-viewport-bounded","SOURCE_WITHIN_NATIVE_VIEWPORT"
"assets/content/combo/fishing/actions/fight-rat-king.png","included","included","default","present","","256","256","measured","167343","tracked","Lossless","default","false","Lossless","LOSSLESS","true","enabled","0","213.6","213.6","partial-static","docs/activity-database.json art via ActionArtUi.ACTION_ART_SIZE","keep-current-native-viewport-bounded","SOURCE_WITHIN_NATIVE_VIEWPORT"
"assets/content/combo/fishing/actions/loot-a-pirate-ship.png","included","included","default","present","","256","256","measured","77901","tracked","Lossless","default","false","Lossless","LOSSLESS","true","enabled","0","213.6","213.6","partial-static","docs/activity-database.json art via ActionArtUi.ACTION_ART_SIZE","keep-current-native-viewport-bounded","SOURCE_WITHIN_NATIVE_VIEWPORT"
"assets/content/combo/fishing/backgrounds/fight-a-shark.png","included","included","astc","present","","768","344","measured","202141","tracked","VRAM Compressed","s3tc_bptc;etc2_astc","true","etc2_astc:s3tc_bptc;etc2_astc","ETC2_ASTC","true","enabled","0","","","unknown","No literal production display maximum was statically discoverable.","keep-current-native-viewport-bounded","SOURCE_WITHIN_NATIVE_VIEWPORT"
"assets/content/combo/fishing/backgrounds/loot-a-pirate-ship.png","included","included","astc","present","","768","344","measured","321598","tracked","VRAM Compressed","s3tc_bptc;etc2_astc","true","etc2_astc:s3tc_bptc;etc2_astc","ETC2_ASTC","true","enabled","0","","","unknown","No literal production display maximum was statically discoverable.","keep-current-native-viewport-bounded","SOURCE_WITHIN_NATIVE_VIEWPORT"
"assets/content/combo/thieving/actions/lift-honey-from-beehive.png","included","included","default","present","","256","256","measured","71622","tracked","Lossless","default","false","Lossless","LOSSLESS","true","enabled","0","213.6","213.6","partial-static","docs/activity-database.json art via ActionArtUi.ACTION_ART_SIZE","keep-current-native-viewport-bounded","SOURCE_WITHIN_NATIVE_VIEWPORT"
"assets/content/combo/thieving/actions/scope-out-a-heist.png","included","included","default","present","","256","256","measured","52248","tracked","Lossless","default","false","Lossless","LOSSLESS","true","enabled","0","213.6","213.6","partial-static","docs/activity-database.json art via ActionArtUi.ACTION_ART_SIZE","keep-current-native-viewport-bounded","SOURCE_WITHIN_NATIVE_VIEWPORT"
"assets/content/combo/thieving/backgrounds/lift-honey-from-beehive.png","included","included","astc","present","","768","344","measured","396228","tracked","VRAM Compressed","s3tc_bptc;etc2_astc","true","etc2_astc:s3tc_bptc;etc2_astc","ETC2_ASTC","true","enabled","0","","","unknown","No literal production display maximum was statically discoverable.","keep-current-native-viewport-bounded","SOURCE_WITHIN_NATIVE_VIEWPORT"
"assets/content/combo/thieving/backgrounds/scope-out-a-heist.png","included","included","astc","present","","768","344","measured","222311","tracked","VRAM Compressed","s3tc_bptc;etc2_astc","true","etc2_astc:s3tc_bptc;etc2_astc","ETC2_ASTC","true","enabled","0","","","unknown","No literal production display maximum was statically discoverable.","keep-current-native-viewport-bounded","SOURCE_WITHIN_NATIVE_VIEWPORT"
"assets/content/combo/woodcutting/actions/carve-the-guilds-trophy-oar.png","included","included","default","present","","256","256","measured","76574","tracked","Lossless","default","false","Lossless","LOSSLESS","true","enabled","0","213.6","213.6","partial-static","docs/activity-database.json art via ActionArtUi.ACTION_ART_SIZE","keep-current-native-viewport-bounded","SOURCE_WITHIN_NATIVE_VIEWPORT"
"assets/content/combo/woodcutting/actions/fight-ent.png","included","included","default","present","","256","256","measured","103194","tracked","Lossless","default","false","Lossless","LOSSLESS","true","enabled","0","213.6","213.6","partial-static","docs/activity-database.json art via ActionArtUi.ACTION_ART_SIZE","keep-current-native-viewport-bounded","SOURCE_WITHIN_NATIVE_VIEWPORT"
"assets/content/events/actions/covered-wagon-ambush-drill.png","included","included","default","present","","256","256","measured","80575","tracked","Lossless","default","false","Lossless","LOSSLESS","true","enabled","0","213.6","213.6","partial-static","docs/activity-database.json art via ActionArtUi.ACTION_ART_SIZE","keep-current-native-viewport-bounded","SOURCE_WITHIN_NATIVE_VIEWPORT"
"assets/content/events/actions/washed-up-locked-crate.png","included","included","default","present","","256","256","measured","70636","tracked","Lossless","default","false","Lossless","LOSSLESS","true","enabled","0","213.6","213.6","partial-static","docs/activity-database.json art via ActionArtUi.ACTION_ART_SIZE","keep-current-native-viewport-bounded","SOURCE_WITHIN_NATIVE_VIEWPORT"
"assets/content/fight/actions/02-kick-mud-off-boot.png","included","included","default","present","","256","256","measured","23813","tracked","Lossless","default","false","Lossless","LOSSLESS","true","enabled","0","213.6","213.6","partial-static","docs/activity-database.json art via ActionArtUi.ACTION_ART_SIZE","keep-current-native-viewport-bounded","SOURCE_WITHIN_NATIVE_VIEWPORT"
"assets/content/fight/actions/03-wrestle-stuck-gate-latch.png","included","included","default","present","","256","256","measured","40019","tracked","Lossless","default","false","Lossless","LOSSLESS","true","enabled","0","213.6","213.6","partial-static","docs/activity-database.json art via ActionArtUi.ACTION_ART_SIZE","keep-current-native-viewport-bounded","SOURCE_WITHIN_NATIVE_VIEWPORT"
"assets/content/fight/actions/04-box-suspicious-feed-sack.png","included","included","default","present","","256","256","measured","47396","tracked","Lossless","default","false","Lossless","LOSSLESS","true","enabled","0","213.6","213.6","partial-static","docs/activity-database.json art via ActionArtUi.ACTION_ART_SIZE","keep-current-native-viewport-bounded","SOURCE_WITHIN_NATIVE_VIEWPORT"
"assets/content/fight/actions/05-duel-leaning-fence-post.png","included","included","default","present","","256","256","measured","38499","tracked","Lossless","default","false","Lossless","LOSSLESS","true","enabled","0","213.6","213.6","partial-static","docs/activity-database.json art via ActionArtUi.ACTION_ART_SIZE","keep-current-native-viewport-bounded","SOURCE_WITHIN_NATIVE_VIEWPORT"
"assets/content/fight/actions/06-outmuscle-angry-wheelbarrow.png","included","included","default","present","","256","256","measured","37831","tracked","Lossless","default","false","Lossless","LOSSLESS","true","enabled","0","213.6","213.6","partial-static","docs/activity-database.json art via ActionArtUi.ACTION_ART_SIZE","keep-current-native-viewport-bounded","SOURCE_WITHIN_NATIVE_VIEWPORT"
"assets/content/fight/actions/07-brawl-with-kicking-milk-pail.png","included","included","default","present","","256","256","measured","35550","tracked","Lossless","default","false","Lossless","LOSSLESS","true","enabled","0","213.6","213.6","partial-static","docs/activity-database.json art via ActionArtUi.ACTION_ART_SIZE","keep-current-native-viewport-bounded","SOURCE_WITHIN_NATIVE_VIEWPORT"
"assets/content/fight/actions/08-square-up-with-rake-in-grass.png","included","included","default","present","","256","256","measured","35087","tracked","Lossless","default","false","Lossless","LOSSLESS","true","enabled","0","213.6","213.6","partial-static","docs/activity-database.json art via ActionArtUi.ACTION_ART_SIZE","keep-current-native-viewport-bounded","SOURCE_WITHIN_NATIVE_VIEWPORT"
"assets/content/fight/actions/09-grapple-overfull-compost-bin.png","included","included","default","present","","256","256","measured","61482","tracked","Lossless","default","false","Lossless","LOSSLESS","true","enabled","0","213.6","213.6","partial-static","docs/activity-database.json art via ActionArtUi.ACTION_ART_SIZE","keep-current-native-viewport-bounded","SOURCE_WITHIN_NATIVE_VIEWPORT"
"assets/content/fight/actions/10-parry-windmill-shadow.png","included","included","default","present","","256","256","measured","37659","tracked","Lossless","default","false","Lossless","LOSSLESS","true","enabled","0","213.6","213.6","partial-static","docs/activity-database.json art via ActionArtUi.ACTION_ART_SIZE","keep-current-native-viewport-bounded","SOURCE_WITHIN_NATIVE_VIEWPORT"
"assets/content/fight/actions/11-tackle-runaway-water-trough.png","included","included","default","present","","256","256","measured","34429","tracked","Lossless","default","false","Lossless","LOSSLESS","true","enabled","0","213.6","213.6","partial-static","docs/activity-database.json art via ActionArtUi.ACTION_ART_SIZE","keep-current-native-viewport-bounded","SOURCE_WITHIN_NATIVE_VIEWPORT"
"assets/content/fight/actions/12-fight-the-barn-door-at-midnight.png","included","included","default","present","","256","256","measured","60305","tracked","Lossless","default","false","Lossless","LOSSLESS","true","enabled","0","213.6","213.6","partial-static","docs/activity-database.json art via ActionArtUi.ACTION_ART_SIZE","keep-current-native-viewport-bounded","SOURCE_WITHIN_NATIVE_VIEWPORT"
"assets/content/fight/actions/13-challenge-the-silo-echo.png","included","included","default","present","","256","256","measured","52142","tracked","Lossless","default","false","Lossless","LOSSLESS","true","enabled","0","213.6","213.6","partial-static","docs/activity-database.json art via ActionArtUi.ACTION_ART_SIZE","keep-current-native-viewport-bounded","SOURCE_WITHIN_NATIVE_VIEWPORT"
"assets/content/fight/actions/14-survive-the-hayloft-ambush.png","included","included","default","present","","256","256","measured","57909","tracked","Lossless","default","false","Lossless","LOSSLESS","true","enabled","0","213.6","213.6","partial-static","docs/activity-database.json art via ActionArtUi.ACTION_ART_SIZE","keep-current-native-viewport-bounded","SOURCE_WITHIN_NATIVE_VIEWPORT"
"assets/content/fight/actions/15-punch-through-corn-maze-panic.png","included","included","default","present","","256","256","measured","82964","tracked","Lossless","default","false","Lossless","LOSSLESS","true","enabled","0","213.6","213.6","partial-static","docs/activity-database.json art via ActionArtUi.ACTION_ART_SIZE","keep-current-native-viewport-bounded","SOURCE_WITHIN_NATIVE_VIEWPORT"
"assets/content/fight/actions/16-body-slam-the-root-cellar-door.png","included","included","default","present","","256","256","measured","60659","tracked","Lossless","default","false","Lossless","LOSSLESS","true","enabled","0","213.6","213.6","partial-static","docs/activity-database.json art via ActionArtUi.ACTION_ART_SIZE","keep-current-native-viewport-bounded","SOURCE_WITHIN_NATIVE_VIEWPORT"
"assets/content/fight/actions/17-trade-blows-with-the-weather-vane.png","included","included","default","present","","256","256","measured","58663","tracked","Lossless","default","false","Lossless","LOSSLESS","true","enabled","0","213.6","213.6","partial-static","docs/activity-database.json art via ActionArtUi.ACTION_ART_SIZE","keep-current-native-viewport-bounded","SOURCE_WITHIN_NATIVE_VIEWPORT"
"assets/content/fight/actions/18-dodge-the-irrigation-betrayal.png","included","included","default","present","","256","256","measured","44128","tracked","Lossless","default","false","Lossless","LOSSLESS","true","enabled","0","213.6","213.6","partial-static","docs/activity-database.json art via ActionArtUi.ACTION_ART_SIZE","keep-current-native-viewport-bounded","SOURCE_WITHIN_NATIVE_VIEWPORT"
"assets/content/fight/actions/19-enter-the-scarecrow-circle.png","included","included","default","present","","256","256","measured","64184","tracked","Lossless","default","false","Lossless","LOSSLESS","true","enabled","0","213.6","213.6","partial-static","docs/activity-database.json art via ActionArtUi.ACTION_ART_SIZE","keep-current-native-viewport-bounded","SOURCE_WITHIN_NATIVE_VIEWPORT"
"assets/content/fight/actions/20-defeat-the-tractor-that-would-not-start.png","included","included","default","present","","256","256","measured","43159","tracked","Lossless","default","false","Lossless","LOSSLESS","true","enabled","0","213.6","213.6","partial-static","docs/activity-database.json art via ActionArtUi.ACTION_ART_SIZE","keep-current-native-viewport-bounded","SOURCE_WITHIN_NATIVE_VIEWPORT"
"assets/content/fight/actions/21-hold-the-line-at-the-pumpkin-patch.png","included","included","default","present","","256","256","measured","45213","tracked","Lossless","default","false","Lossless","LOSSLESS","true","enabled","0","213.6","213.6","partial-static","docs/activity-database.json art via ActionArtUi.ACTION_ART_SIZE","keep-current-native-viewport-bounded","SOURCE_WITHIN_NATIVE_VIEWPORT"
"assets/content/fight/actions/22-storm-the-forbidden-tool-shed.png","included","included","default","present","","256","256","measured","58325","tracked","Lossless","default","false","Lossless","LOSSLESS","true","enabled","0","213.6","213.6","partial-static","docs/activity-database.json art via ActionArtUi.ACTION_ART_SIZE","keep-current-native-viewport-bounded","SOURCE_WITHIN_NATIVE_VIEWPORT"
"assets/content/fight/actions/23-win-the-great-barn-rafters-melee.png","included","included","default","present","","256","256","measured","61786","tracked","Lossless","default","false","Lossless","LOSSLESS","true","enabled","0","213.6","213.6","partial-static","docs/activity-database.json art via ActionArtUi.ACTION_ART_SIZE","keep-current-native-viewport-bounded","SOURCE_WITHIN_NATIVE_VIEWPORT"
"assets/content/fight/actions/24-face-the-entire-farm-at-once.png","included","included","default","present","","256","256","measured","50220","tracked","Lossless","default","false","Lossless","LOSSLESS","true","enabled","0","213.6","213.6","partial-static","docs/activity-database.json art via ActionArtUi.ACTION_ART_SIZE","keep-current-native-viewport-bounded","SOURCE_WITHIN_NATIVE_VIEWPORT"
"assets/content/fight/actions/25-rematch-the-same-hay-bale-somehow-stronger.png","included","included","default","present","","256","256","measured","59383","tracked","Lossless","default","false","Lossless","LOSSLESS","true","enabled","0","213.6","213.6","partial-static","docs/activity-database.json art via ActionArtUi.ACTION_ART_SIZE","keep-current-native-viewport-bounded","SOURCE_WITHIN_NATIVE_VIEWPORT"
"assets/content/fight/actions/fight-chicken-sparring-pit.png","included","included","default","present","","256","256","measured","32784","tracked","Lossless","default","false","Lossless","LOSSLESS","true","enabled","0","213.6","213.6","partial-static","docs/activity-database.json art via ActionArtUi.ACTION_ART_SIZE","keep-current-native-viewport-bounded","SOURCE_WITHIN_NATIVE_VIEWPORT"
"assets/content/fight/animations/push-ups/fight-push-ups-01.png","included","included","default","present","","256","256","measured","23228","tracked","Lossless","default","false","Lossless","LOSSLESS","false","disabled","0","213.6","213.6","partial-static","docs/activity-database.json art via ActionArtUi.ACTION_ART_SIZE","keep-current-native-viewport-bounded","SOURCE_WITHIN_NATIVE_VIEWPORT"
"assets/content/fight/animations/push-ups/fight-push-ups-atlas.png","included","included","astc","present","","1024","256","measured","79930","tracked","VRAM Compressed","s3tc_bptc;etc2_astc","true","etc2_astc:s3tc_bptc;etc2_astc","ETC2_ASTC","false","disabled","0","","","unknown","No literal production display maximum was statically discoverable.","keep-current-native-viewport-bounded","SOURCE_WITHIN_NATIVE_VIEWPORT"
"assets/content/fight/backgrounds/01-early.png","included","included","astc","present","","768","344","measured","407431","tracked","VRAM Compressed","s3tc_bptc;etc2_astc","true","etc2_astc:s3tc_bptc;etc2_astc","ETC2_ASTC","true","enabled","0","","","unknown","No literal production display maximum was statically discoverable.","keep-current-native-viewport-bounded","SOURCE_WITHIN_NATIVE_VIEWPORT"
"assets/content/fight/backgrounds/02-rising.png","included","included","astc","present","","768","344","measured","450653","tracked","VRAM Compressed","s3tc_bptc;etc2_astc","true","etc2_astc:s3tc_bptc;etc2_astc","ETC2_ASTC","true","enabled","0","","","unknown","No literal production display maximum was statically discoverable.","keep-current-native-viewport-bounded","SOURCE_WITHIN_NATIVE_VIEWPORT"
"assets/content/fight/backgrounds/03-mid.png","included","included","astc","present","","768","344","measured","434907","tracked","VRAM Compressed","s3tc_bptc;etc2_astc","true","etc2_astc:s3tc_bptc;etc2_astc","ETC2_ASTC","true","enabled","0","","","unknown","No literal production display maximum was statically discoverable.","keep-current-native-viewport-bounded","SOURCE_WITHIN_NATIVE_VIEWPORT"
"assets/content/fight/backgrounds/04-late.png","included","included","astc","present","","768","344","measured","429379","tracked","VRAM Compressed","s3tc_bptc;etc2_astc","true","etc2_astc:s3tc_bptc;etc2_astc","ETC2_ASTC","true","enabled","0","","","unknown","No literal production display maximum was statically discoverable.","keep-current-native-viewport-bounded","SOURCE_WITHIN_NATIVE_VIEWPORT"
"assets/content/fight/backgrounds/05-finale.png","included","included","astc","present","","768","344","measured","461579","tracked","VRAM Compressed","s3tc_bptc;etc2_astc","true","etc2_astc:s3tc_bptc;etc2_astc","ETC2_ASTC","true","enabled","0","","","unknown","No literal production display maximum was statically discoverable.","keep-current-native-viewport-bounded","SOURCE_WITHIN_NATIVE_VIEWPORT"
"assets/content/fight/base-models/cave-troll-base.png","included","included","astc","present","","640","640","measured","82691","tracked","VRAM Compressed","s3tc_bptc;etc2_astc","true","etc2_astc:s3tc_bptc;etc2_astc","ETC2_ASTC","false","disabled","0","","","unknown","No literal production display maximum was statically discoverable.","keep-current-native-viewport-bounded","SOURCE_WITHIN_NATIVE_VIEWPORT"
"assets/content/fight/base-models/chicken-base.png","included","included","astc","present","","640","640","measured","49268","tracked","VRAM Compressed","s3tc_bptc;etc2_astc","true","etc2_astc:s3tc_bptc;etc2_astc","ETC2_ASTC","false","disabled","0","","","unknown","No literal production display maximum was statically discoverable.","keep-current-native-viewport-bounded","SOURCE_WITHIN_NATIVE_VIEWPORT"
"assets/content/fight/base-models/dragon-base.png","included","included","astc","present","","640","640","measured","203050","tracked","VRAM Compressed","s3tc_bptc;etc2_astc","true","etc2_astc:s3tc_bptc;etc2_astc","ETC2_ASTC","false","disabled","0","","","unknown","No literal production display maximum was statically discoverable.","keep-current-native-viewport-bounded","SOURCE_WITHIN_NATIVE_VIEWPORT"
"assets/content/fight/base-models/goblin-base.png","included","included","astc","present","","640","640","measured","72141","tracked","VRAM Compressed","s3tc_bptc;etc2_astc","true","etc2_astc:s3tc_bptc;etc2_astc","ETC2_ASTC","false","disabled","0","","","unknown","No literal production display maximum was statically discoverable.","keep-current-native-viewport-bounded","SOURCE_WITHIN_NATIVE_VIEWPORT"
"assets/content/fight/base-models/rouse-base.png","included","included","astc","present","","640","640","measured","69323","tracked","VRAM Compressed","s3tc_bptc;etc2_astc","true","etc2_astc:s3tc_bptc;etc2_astc","ETC2_ASTC","false","disabled","0","","","unknown","No literal production display maximum was statically discoverable.","keep-current-native-viewport-bounded","SOURCE_WITHIN_NATIVE_VIEWPORT"
"assets/content/fight/base-models/vampire-base.png","included","included","astc","present","","640","640","measured","54236","tracked","VRAM Compressed","s3tc_bptc;etc2_astc","true","etc2_astc:s3tc_bptc;etc2_astc","ETC2_ASTC","false","disabled","0","","","unknown","No literal production display maximum was statically discoverable.","keep-current-native-viewport-bounded","SOURCE_WITHIN_NATIVE_VIEWPORT"
"assets/content/fight/base-models/werewolf-base.png","included","included","astc","present","","640","640","measured","66231","tracked","VRAM Compressed","s3tc_bptc;etc2_astc","true","etc2_astc:s3tc_bptc;etc2_astc","ETC2_ASTC","false","disabled","0","","","unknown","No literal production display maximum was statically discoverable.","keep-current-native-viewport-bounded","SOURCE_WITHIN_NATIVE_VIEWPORT"
"assets/content/fight/boss/blue-hand-guard-left.png","included","included","default","present","","384","410","measured","155932","tracked","Lossless","default","false","Lossless","LOSSLESS","false","disabled","0","","","unknown","No literal production display maximum was statically discoverable.","keep-current-native-viewport-bounded","SOURCE_WITHIN_NATIVE_VIEWPORT"
"assets/content/fight/boss/blue-hand-guard-right.png","included","included","default","present","","383","410","measured","159302","tracked","Lossless","default","false","Lossless","LOSSLESS","false","disabled","0","","","unknown","No literal production display maximum was statically discoverable.","keep-current-native-viewport-bounded","SOURCE_WITHIN_NATIVE_VIEWPORT"
"assets/content/fight/boss/blue-hand-punch-left.png","included","included","default","present","","512","401","measured","190450","tracked","Lossless","default","false","Lossless","LOSSLESS","false","disabled","0","","","unknown","No literal production display maximum was statically discoverable.","keep-current-native-viewport-bounded","SOURCE_WITHIN_NATIVE_VIEWPORT"
"assets/content/fight/boss/blue-hand-punch-right.png","included","included","default","present","","512","401","measured","193174","tracked","Lossless","default","false","Lossless","LOSSLESS","false","disabled","0","","","unknown","No literal production display maximum was statically discoverable.","keep-current-native-viewport-bounded","SOURCE_WITHIN_NATIVE_VIEWPORT"
"assets/content/fight/boss/rooster-attack.png","included","included","astc","present","","604","502","measured","341759","tracked","VRAM Compressed","s3tc_bptc;etc2_astc","true","etc2_astc:s3tc_bptc;etc2_astc","ETC2_ASTC","false","disabled","0","","","unknown","No literal production display maximum was statically discoverable.","keep-current-native-viewport-bounded","SOURCE_WITHIN_NATIVE_VIEWPORT"
"assets/content/fight/boss/rooster-dizzy.png","included","included","astc","present","","561","565","measured","325742","tracked","VRAM Compressed","s3tc_bptc;etc2_astc","true","etc2_astc:s3tc_bptc;etc2_astc","ETC2_ASTC","false","disabled","0","","","unknown","No literal production display maximum was statically discoverable.","keep-current-native-viewport-bounded","SOURCE_WITHIN_NATIVE_VIEWPORT"
"assets/content/fight/boss/rooster-hit.png","included","included","astc","present","","548","578","measured","332514","tracked","VRAM Compressed","s3tc_bptc;etc2_astc","true","etc2_astc:s3tc_bptc;etc2_astc","ETC2_ASTC","false","disabled","0","","","unknown","No literal production display maximum was statically discoverable.","keep-current-native-viewport-bounded","SOURCE_WITHIN_NATIVE_VIEWPORT"
"assets/content/fight/boss/rooster-idle.png","included","included","astc","present","","527","581","measured","320464","tracked","VRAM Compressed","s3tc_bptc;etc2_astc","true","etc2_astc:s3tc_bptc;etc2_astc","ETC2_ASTC","false","disabled","0","","","unknown","No literal production display maximum was statically discoverable.","keep-current-native-viewport-bounded","SOURCE_WITHIN_NATIVE_VIEWPORT"
"assets/content/fight/effects/cave-troll-slam-01.png","included","included","default","present","","512","256","measured","45224","tracked","Lossless","default","false","Lossless","LOSSLESS","false","disabled","0","","","unknown","No literal production display maximum was statically discoverable.","keep-current-native-viewport-bounded","SOURCE_WITHIN_NATIVE_VIEWPORT"
"assets/content/fight/effects/cave-troll-slam-02.png","included","included","default","present","","512","256","measured","68197","tracked","Lossless","default","false","Lossless","LOSSLESS","false","disabled","0","","","unknown","No literal production display maximum was statically discoverable.","keep-current-native-viewport-bounded","SOURCE_WITHIN_NATIVE_VIEWPORT"
"assets/content/fight/effects/cave-troll-slam-03.png","included","included","default","present","","512","256","measured","106227","tracked","Lossless","default","false","Lossless","LOSSLESS","false","disabled","0","","","unknown","No literal production display maximum was statically discoverable.","keep-current-native-viewport-bounded","SOURCE_WITHIN_NATIVE_VIEWPORT"
"assets/content/fight/effects/cave-troll-slam-04.png","included","included","default","present","","512","256","measured","49349","tracked","Lossless","default","false","Lossless","LOSSLESS","false","disabled","0","","","unknown","No literal production display maximum was statically discoverable.","keep-current-native-viewport-bounded","SOURCE_WITHIN_NATIVE_VIEWPORT"
"assets/content/fight/effects/dizzy-stars-01.png","included","included","default","present","","256","256","measured","31309","tracked","Lossless","default","false","Lossless","LOSSLESS","false","disabled","0","","","unknown","No literal production display maximum was statically discoverable.","keep-current-native-viewport-bounded","SOURCE_WITHIN_NATIVE_VIEWPORT"
"assets/content/fight/effects/dizzy-stars-02.png","included","included","default","present","","256","256","measured","27790","tracked","Lossless","default","false","Lossless","LOSSLESS","false","disabled","0","","","unknown","No literal production display maximum was statically discoverable.","keep-current-native-viewport-bounded","SOURCE_WITHIN_NATIVE_VIEWPORT"
"assets/content/fight/effects/dizzy-stars-03.png","included","included","default","present","","256","256","measured","33323","tracked","Lossless","default","false","Lossless","LOSSLESS","false","disabled","0","","","unknown","No literal production display maximum was statically discoverable.","keep-current-native-viewport-bounded","SOURCE_WITHIN_NATIVE_VIEWPORT"
"assets/content/fight/effects/dizzy-stars-04.png","included","included","default","present","","256","256","measured","18179","tracked","Lossless","default","false","Lossless","LOSSLESS","false","disabled","0","","","unknown","No literal production display maximum was statically discoverable.","keep-current-native-viewport-bounded","SOURCE_WITHIN_NATIVE_VIEWPORT"
"assets/content/fight/effects/dragon-breath-fire-tuft.png","included","included","astc","present","","1023","841","measured","390518","tracked","VRAM Compressed","s3tc_bptc;etc2_astc","true","etc2_astc:s3tc_bptc;etc2_astc","ETC2_ASTC","false","disabled","0","","","unknown","No literal production display maximum was statically discoverable.","keep-current-native-viewport-bounded","SOURCE_WITHIN_NATIVE_VIEWPORT"
"assets/content/fight/effects/dragon-breath-flame-01.png","included","included","default","present","","512","256","measured","55861","tracked","Lossless","default","false","Lossless","LOSSLESS","false","disabled","0","","","unknown","No literal production display maximum was statically discoverable.","keep-current-native-viewport-bounded","SOURCE_WITHIN_NATIVE_VIEWPORT"
"assets/content/fight/effects/dragon-breath-flame-02.png","included","included","default","present","","512","256","measured","81636","tracked","Lossless","default","false","Lossless","LOSSLESS","false","disabled","0","","","unknown","No literal production display maximum was statically discoverable.","keep-current-native-viewport-bounded","SOURCE_WITHIN_NATIVE_VIEWPORT"
"assets/content/fight/effects/dragon-breath-flame-03.png","included","included","default","present","","512","256","measured","78816","tracked","Lossless","default","false","Lossless","LOSSLESS","false","disabled","0","","","unknown","No literal production display maximum was statically discoverable.","keep-current-native-viewport-bounded","SOURCE_WITHIN_NATIVE_VIEWPORT"
"assets/content/fight/effects/dragon-breath-flame-04.png","included","included","default","present","","512","256","measured","44967","tracked","Lossless","default","false","Lossless","LOSSLESS","false","disabled","0","","","unknown","No literal production display maximum was statically discoverable.","keep-current-native-viewport-bounded","SOURCE_WITHIN_NATIVE_VIEWPORT"
"assets/content/fight/effects/hit-impact-yellow-01.png","included","included","default","present","","256","256","measured","33293","tracked","Lossless","default","false","Lossless","LOSSLESS","false","disabled","0","","","unknown","No literal production display maximum was statically discoverable.","keep-current-native-viewport-bounded","SOURCE_WITHIN_NATIVE_VIEWPORT"
"assets/content/fight/effects/hit-impact-yellow-02.png","included","included","default","present","","256","256","measured","47030","tracked","Lossless","default","false","Lossless","LOSSLESS","false","disabled","0","","","unknown","No literal production display maximum was statically discoverable.","keep-current-native-viewport-bounded","SOURCE_WITHIN_NATIVE_VIEWPORT"
"assets/content/fight/effects/hit-impact-yellow-03.png","included","included","default","present","","256","256","measured","63913","tracked","Lossless","default","false","Lossless","LOSSLESS","false","disabled","0","","","unknown","No literal production display maximum was statically discoverable.","keep-current-native-viewport-bounded","SOURCE_WITHIN_NATIVE_VIEWPORT"
"assets/content/fight/effects/hit-impact-yellow-04.png","included","included","default","present","","256","256","measured","10640","tracked","Lossless","default","false","Lossless","LOSSLESS","false","disabled","0","","","unknown","No literal production display maximum was statically discoverable.","keep-current-native-viewport-bounded","SOURCE_WITHIN_NATIVE_VIEWPORT"
"assets/content/fight/effects/wolf-claw-tear-01.png","included","included","astc","present","","512","512","measured","6615","tracked","VRAM Compressed","s3tc_bptc;etc2_astc","true","etc2_astc:s3tc_bptc;etc2_astc","ETC2_ASTC","false","disabled","0","","","unknown","No literal production display maximum was statically discoverable.","keep-current-native-viewport-bounded","SOURCE_WITHIN_NATIVE_VIEWPORT"
"assets/content/fight/effects/wolf-claw-tear-02.png","included","included","astc","present","","512","512","measured","16637","tracked","VRAM Compressed","s3tc_bptc;etc2_astc","true","etc2_astc:s3tc_bptc;etc2_astc","ETC2_ASTC","false","disabled","0","","","unknown","No literal production display maximum was statically discoverable.","keep-current-native-viewport-bounded","SOURCE_WITHIN_NATIVE_VIEWPORT"
"assets/content/fight/effects/wolf-claw-tear-03.png","included","included","astc","present","","512","512","measured","22780","tracked","VRAM Compressed","s3tc_bptc;etc2_astc","true","etc2_astc:s3tc_bptc;etc2_astc","ETC2_ASTC","false","disabled","0","","","unknown","No literal production display maximum was statically discoverable.","keep-current-native-viewport-bounded","SOURCE_WITHIN_NATIVE_VIEWPORT"
"assets/content/fight/effects/wolf-claw-tear-04.png","included","included","astc","present","","512","512","measured","25099","tracked","VRAM Compressed","s3tc_bptc;etc2_astc","true","etc2_astc:s3tc_bptc;etc2_astc","ETC2_ASTC","false","disabled","0","","","unknown","No literal production display maximum was statically discoverable.","keep-current-native-viewport-bounded","SOURCE_WITHIN_NATIVE_VIEWPORT"
"assets/content/fight/enemies/cave-trolls/cave-trolls-attack-01.png","included","included","astc","present","","512","512","measured","105474","tracked","VRAM Compressed","s3tc_bptc;etc2_astc","true","etc2_astc:s3tc_bptc;etc2_astc","ETC2_ASTC","false","disabled","0","","","unknown","No literal production display maximum was statically discoverable.","keep-current-native-viewport-bounded","SOURCE_WITHIN_NATIVE_VIEWPORT"
"assets/content/fight/enemies/cave-trolls/cave-trolls-attack-02.png","included","included","astc","present","","512","512","measured","110880","tracked","VRAM Compressed","s3tc_bptc;etc2_astc","true","etc2_astc:s3tc_bptc;etc2_astc","ETC2_ASTC","false","disabled","0","","","unknown","No literal production display maximum was statically discoverable.","keep-current-native-viewport-bounded","SOURCE_WITHIN_NATIVE_VIEWPORT"
"assets/content/fight/enemies/cave-trolls/cave-trolls-attack-03.png","included","included","astc","present","","512","512","measured","71427","tracked","VRAM Compressed","s3tc_bptc;etc2_astc","true","etc2_astc:s3tc_bptc;etc2_astc","ETC2_ASTC","false","disabled","0","","","unknown","No literal production display maximum was statically discoverable.","keep-current-native-viewport-bounded","SOURCE_WITHIN_NATIVE_VIEWPORT"
"assets/content/fight/enemies/cave-trolls/cave-trolls-attack-04.png","included","included","astc","present","","512","512","measured","83611","tracked","VRAM Compressed","s3tc_bptc;etc2_astc","true","etc2_astc:s3tc_bptc;etc2_astc","ETC2_ASTC","false","disabled","0","","","unknown","No literal production display maximum was statically discoverable.","keep-current-native-viewport-bounded","SOURCE_WITHIN_NATIVE_VIEWPORT"
"assets/content/fight/enemies/cave-trolls/cave-trolls-defeated.png","included","included","astc","present","","512","512","measured","53854","tracked","VRAM Compressed","s3tc_bptc;etc2_astc","true","etc2_astc:s3tc_bptc;etc2_astc","ETC2_ASTC","false","disabled","0","","","unknown","No literal production display maximum was statically discoverable.","keep-current-native-viewport-bounded","SOURCE_WITHIN_NATIVE_VIEWPORT"
"assets/content/fight/enemies/cave-trolls/cave-trolls-dizzy.png","included","included","astc","present","","512","512","measured","82841","tracked","VRAM Compressed","s3tc_bptc;etc2_astc","true","etc2_astc:s3tc_bptc;etc2_astc","ETC2_ASTC","false","disabled","0","","","unknown","No literal production display maximum was statically discoverable.","keep-current-native-viewport-bounded","SOURCE_WITHIN_NATIVE_VIEWPORT"
"assets/content/fight/enemies/cave-trolls/cave-trolls-hit.png","included","included","astc","present","","512","512","measured","81841","tracked","VRAM Compressed","s3tc_bptc;etc2_astc","true","etc2_astc:s3tc_bptc;etc2_astc","ETC2_ASTC","false","disabled","0","","","unknown","No literal production display maximum was statically discoverable.","keep-current-native-viewport-bounded","SOURCE_WITHIN_NATIVE_VIEWPORT"
"assets/content/fight/enemies/cave-trolls/cave-trolls-idle.png","included","included","astc","present","","512","512","measured","96528","tracked","VRAM Compressed","s3tc_bptc;etc2_astc","true","etc2_astc:s3tc_bptc;etc2_astc","ETC2_ASTC","false","disabled","0","213.6","213.6","partial-static","docs/activity-database.json art via ActionArtUi.ACTION_ART_SIZE","keep-current-native-viewport-bounded","SOURCE_WITHIN_NATIVE_VIEWPORT"
"assets/content/fight/enemies/cave-trolls/cave-trolls-move-01.png","included","included","astc","present","","512","512","measured","96528","tracked","VRAM Compressed","s3tc_bptc;etc2_astc","true","etc2_astc:s3tc_bptc;etc2_astc","ETC2_ASTC","false","disabled","0","","","unknown","No literal production display maximum was statically discoverable.","keep-current-native-viewport-bounded","SOURCE_WITHIN_NATIVE_VIEWPORT"
"assets/content/fight/enemies/cave-trolls/cave-trolls-move-02.png","included","included","astc","present","","512","512","measured","95952","tracked","VRAM Compressed","s3tc_bptc;etc2_astc","true","etc2_astc:s3tc_bptc;etc2_astc","ETC2_ASTC","false","disabled","0","","","unknown","No literal production display maximum was statically discoverable.","keep-current-native-viewport-bounded","SOURCE_WITHIN_NATIVE_VIEWPORT"
"assets/content/fight/enemies/cave-trolls/cave-trolls-move-03.png","included","included","astc","present","","512","512","measured","104251","tracked","VRAM Compressed","s3tc_bptc;etc2_astc","true","etc2_astc:s3tc_bptc;etc2_astc","ETC2_ASTC","false","disabled","0","","","unknown","No literal production display maximum was statically discoverable.","keep-current-native-viewport-bounded","SOURCE_WITHIN_NATIVE_VIEWPORT"
"assets/content/fight/enemies/cave-trolls/cave-trolls-move-04.png","included","included","astc","present","","512","512","measured","95230","tracked","VRAM Compressed","s3tc_bptc;etc2_astc","true","etc2_astc:s3tc_bptc;etc2_astc","ETC2_ASTC","false","disabled","0","","","unknown","No literal production display maximum was statically discoverable.","keep-current-native-viewport-bounded","SOURCE_WITHIN_NATIVE_VIEWPORT"
"assets/content/fight/enemies/cave-trolls/cave-trolls-pound-source.png","included","included","astc","present","","1254","1254","measured","526307","tracked","VRAM Compressed","s3tc_bptc;etc2_astc","true","etc2_astc:s3tc_bptc;etc2_astc","ETC2_ASTC","false","disabled","1080","","","unknown","No literal production display maximum was statically discoverable.","downsample-at-import","GODOT_SIZE_LIMIT"
"assets/content/fight/enemies/cave-trolls/cave-trolls-states-source.png","included","included","default","present","","2172","724","measured","1143306","tracked","Lossless","default","false","Lossless","LOSSLESS","false","disabled","0","1080","1080","reviewed-static","Reviewed fixed-cell production atlas; each authored frame fits the native viewport.","keep-reviewed-authored-atlas","REVIEWED_AUTHORED_ATLAS"
"assets/content/fight/enemies/dragons/dragon-reaction-01.png","included","included","astc","present","","512","512","measured","129937","tracked","VRAM Compressed","s3tc_bptc;etc2_astc","true","etc2_astc:s3tc_bptc;etc2_astc","ETC2_ASTC","false","disabled","0","","","unknown","No literal production display maximum was statically discoverable.","keep-current-native-viewport-bounded","SOURCE_WITHIN_NATIVE_VIEWPORT"
"assets/content/fight/enemies/dragons/dragon-reaction-02.png","included","included","astc","present","","512","512","measured","132053","tracked","VRAM Compressed","s3tc_bptc;etc2_astc","true","etc2_astc:s3tc_bptc;etc2_astc","ETC2_ASTC","false","disabled","0","","","unknown","No literal production display maximum was statically discoverable.","keep-current-native-viewport-bounded","SOURCE_WITHIN_NATIVE_VIEWPORT"
"assets/content/fight/enemies/dragons/dragon-reaction-03.png","included","included","astc","present","","512","512","measured","97801","tracked","VRAM Compressed","s3tc_bptc;etc2_astc","true","etc2_astc:s3tc_bptc;etc2_astc","ETC2_ASTC","false","disabled","0","","","unknown","No literal production display maximum was statically discoverable.","keep-current-native-viewport-bounded","SOURCE_WITHIN_NATIVE_VIEWPORT"
"assets/content/fight/enemies/dragons/dragon-reaction-04.png","included","included","astc","present","","512","512","measured","126814","tracked","VRAM Compressed","s3tc_bptc;etc2_astc","true","etc2_astc:s3tc_bptc;etc2_astc","ETC2_ASTC","false","disabled","0","","","unknown","No literal production display maximum was statically discoverable.","keep-current-native-viewport-bounded","SOURCE_WITHIN_NATIVE_VIEWPORT"
"assets/content/fight/enemies/dragons/dragons-breath-01.png","included","included","astc","present","","512","512","measured","118893","tracked","VRAM Compressed","s3tc_bptc;etc2_astc","true","etc2_astc:s3tc_bptc;etc2_astc","ETC2_ASTC","false","disabled","0","","","unknown","No literal production display maximum was statically discoverable.","keep-current-native-viewport-bounded","SOURCE_WITHIN_NATIVE_VIEWPORT"
"assets/content/fight/enemies/dragons/dragons-breath-02.png","included","included","astc","present","","512","512","measured","122790","tracked","VRAM Compressed","s3tc_bptc;etc2_astc","true","etc2_astc:s3tc_bptc;etc2_astc","ETC2_ASTC","false","disabled","0","","","unknown","No literal production display maximum was statically discoverable.","keep-current-native-viewport-bounded","SOURCE_WITHIN_NATIVE_VIEWPORT"
"assets/content/fight/enemies/dragons/dragons-breath-03.png","included","included","astc","present","","1254","1254","measured","523261","tracked","VRAM Compressed","s3tc_bptc;etc2_astc","true","etc2_astc:s3tc_bptc;etc2_astc","ETC2_ASTC","false","disabled","1080","","","unknown","No literal production display maximum was statically discoverable.","downsample-at-import","GODOT_SIZE_LIMIT"
"assets/content/fight/enemies/dragons/dragons-breath-04.png","included","included","astc","present","","512","512","measured","128036","tracked","VRAM Compressed","s3tc_bptc;etc2_astc","true","etc2_astc:s3tc_bptc;etc2_astc","ETC2_ASTC","false","disabled","0","","","unknown","No literal production display maximum was statically discoverable.","keep-current-native-viewport-bounded","SOURCE_WITHIN_NATIVE_VIEWPORT"
"assets/content/fight/enemies/dragons/dragons-breath-far.png","included","included","astc","present","","1254","1254","measured","512590","tracked","VRAM Compressed","s3tc_bptc;etc2_astc","true","etc2_astc:s3tc_bptc;etc2_astc","ETC2_ASTC","false","disabled","1080","","","unknown","No literal production display maximum was statically discoverable.","downsample-at-import","GODOT_SIZE_LIMIT"
"assets/content/fight/enemies/dragons/dragons-breath-near.png","included","included","astc","present","","1254","1254","measured","520374","tracked","VRAM Compressed","s3tc_bptc;etc2_astc","true","etc2_astc:s3tc_bptc;etc2_astc","ETC2_ASTC","false","disabled","1080","","","unknown","No literal production display maximum was statically discoverable.","downsample-at-import","GODOT_SIZE_LIMIT"
"assets/content/fight/enemies/dragons/dragons-claw-01.png","included","included","astc","present","","512","512","measured","123427","tracked","VRAM Compressed","s3tc_bptc;etc2_astc","true","etc2_astc:s3tc_bptc;etc2_astc","ETC2_ASTC","false","disabled","0","","","unknown","No literal production display maximum was statically discoverable.","keep-current-native-viewport-bounded","SOURCE_WITHIN_NATIVE_VIEWPORT"
"assets/content/fight/enemies/dragons/dragons-claw-02.png","included","included","astc","present","","512","512","measured","125641","tracked","VRAM Compressed","s3tc_bptc;etc2_astc","true","etc2_astc:s3tc_bptc;etc2_astc","ETC2_ASTC","false","disabled","0","","","unknown","No literal production display maximum was statically discoverable.","keep-current-native-viewport-bounded","SOURCE_WITHIN_NATIVE_VIEWPORT"
"assets/content/fight/enemies/dragons/dragons-claw-03.png","included","included","astc","present","","512","512","measured","124027","tracked","VRAM Compressed","s3tc_bptc;etc2_astc","true","etc2_astc:s3tc_bptc;etc2_astc","ETC2_ASTC","false","disabled","0","","","unknown","No literal production display maximum was statically discoverable.","keep-current-native-viewport-bounded","SOURCE_WITHIN_NATIVE_VIEWPORT"
"assets/content/fight/enemies/dragons/dragons-claw-04.png","included","included","astc","present","","512","512","measured","124010","tracked","VRAM Compressed","s3tc_bptc;etc2_astc","true","etc2_astc:s3tc_bptc;etc2_astc","ETC2_ASTC","false","disabled","0","","","unknown","No literal production display maximum was statically discoverable.","keep-current-native-viewport-bounded","SOURCE_WITHIN_NATIVE_VIEWPORT"
"assets/content/fight/enemies/dragons/dragons-claw-far.png","included","included","astc","present","","512","512","measured","119955","tracked","VRAM Compressed","s3tc_bptc;etc2_astc","true","etc2_astc:s3tc_bptc;etc2_astc","ETC2_ASTC","false","disabled","0","","","unknown","No literal production display maximum was statically discoverable.","keep-current-native-viewport-bounded","SOURCE_WITHIN_NATIVE_VIEWPORT"
"assets/content/fight/enemies/dragons/dragons-claw-near.png","included","included","astc","present","","512","512","measured","110457","tracked","VRAM Compressed","s3tc_bptc;etc2_astc","true","etc2_astc:s3tc_bptc;etc2_astc","ETC2_ASTC","false","disabled","0","","","unknown","No literal production display maximum was statically discoverable.","keep-current-native-viewport-bounded","SOURCE_WITHIN_NATIVE_VIEWPORT"
"assets/content/fight/enemies/dragons/dragons-claw-vertical-far.png","included","included","astc","present","","512","512","measured","126817","tracked","VRAM Compressed","s3tc_bptc;etc2_astc","true","etc2_astc:s3tc_bptc;etc2_astc","ETC2_ASTC","false","disabled","0","","","unknown","No literal production display maximum was statically discoverable.","keep-current-native-viewport-bounded","SOURCE_WITHIN_NATIVE_VIEWPORT"
"assets/content/fight/enemies/dragons/dragons-claw-vertical-near.png","included","included","astc","present","","512","512","measured","122281","tracked","VRAM Compressed","s3tc_bptc;etc2_astc","true","etc2_astc:s3tc_bptc;etc2_astc","ETC2_ASTC","false","disabled","0","","","unknown","No literal production display maximum was statically discoverable.","keep-current-native-viewport-bounded","SOURCE_WITHIN_NATIVE_VIEWPORT"
"assets/content/fight/enemies/dragons/dragons-defeated.png","included","included","astc","present","","512","512","measured","97801","tracked","VRAM Compressed","s3tc_bptc;etc2_astc","true","etc2_astc:s3tc_bptc;etc2_astc","ETC2_ASTC","false","disabled","0","","","unknown","No literal production display maximum was statically discoverable.","keep-current-native-viewport-bounded","SOURCE_WITHIN_NATIVE_VIEWPORT"
"assets/content/fight/enemies/dragons/dragons-dizzy.png","included","included","astc","present","","512","512","measured","132053","tracked","VRAM Compressed","s3tc_bptc;etc2_astc","true","etc2_astc:s3tc_bptc;etc2_astc","ETC2_ASTC","false","disabled","0","","","unknown","No literal production display maximum was statically discoverable.","keep-current-native-viewport-bounded","SOURCE_WITHIN_NATIVE_VIEWPORT"
"assets/content/fight/enemies/dragons/dragons-hit.png","included","included","astc","present","","512","512","measured","129937","tracked","VRAM Compressed","s3tc_bptc;etc2_astc","true","etc2_astc:s3tc_bptc;etc2_astc","ETC2_ASTC","false","disabled","0","","","unknown","No literal production display maximum was statically discoverable.","keep-current-native-viewport-bounded","SOURCE_WITHIN_NATIVE_VIEWPORT"
"assets/content/fight/enemies/dragons/dragons-idle.png","included","included","astc","present","","512","512","measured","126814","tracked","VRAM Compressed","s3tc_bptc;etc2_astc","true","etc2_astc:s3tc_bptc;etc2_astc","ETC2_ASTC","false","disabled","0","213.6","213.6","partial-static","docs/activity-database.json art via ActionArtUi.ACTION_ART_SIZE","keep-current-native-viewport-bounded","SOURCE_WITHIN_NATIVE_VIEWPORT"
"assets/content/fight/enemies/dragons/dragons-low-walk-01.png","included","included","astc","present","","1254","1254","measured","501289","tracked","VRAM Compressed","s3tc_bptc;etc2_astc","true","etc2_astc:s3tc_bptc;etc2_astc","ETC2_ASTC","false","disabled","1080","","","unknown","No literal production display maximum was statically discoverable.","downsample-at-import","GODOT_SIZE_LIMIT"
"assets/content/fight/enemies/dragons/dragons-low-walk-02.png","included","included","astc","present","","1254","1254","measured","487533","tracked","VRAM Compressed","s3tc_bptc;etc2_astc","true","etc2_astc:s3tc_bptc;etc2_astc","ETC2_ASTC","false","disabled","1080","","","unknown","No literal production display maximum was statically discoverable.","downsample-at-import","GODOT_SIZE_LIMIT"
"assets/content/fight/enemies/dragons/dragons-low-walk-03.png","included","included","astc","present","","1254","1254","measured","480070","tracked","VRAM Compressed","s3tc_bptc;etc2_astc","true","etc2_astc:s3tc_bptc;etc2_astc","ETC2_ASTC","false","disabled","1080","","","unknown","No literal production display maximum was statically discoverable.","downsample-at-import","GODOT_SIZE_LIMIT"
"assets/content/fight/enemies/dragons/dragons-low-walk-04.png","included","included","astc","present","","1254","1254","measured","503504","tracked","VRAM Compressed","s3tc_bptc;etc2_astc","true","etc2_astc:s3tc_bptc;etc2_astc","ETC2_ASTC","false","disabled","1080","","","unknown","No literal production display maximum was statically discoverable.","downsample-at-import","GODOT_SIZE_LIMIT"
"assets/content/fight/enemies/dragons/dragons-move-01.png","included","included","astc","present","","512","512","measured","124454","tracked","VRAM Compressed","s3tc_bptc;etc2_astc","true","etc2_astc:s3tc_bptc;etc2_astc","ETC2_ASTC","false","disabled","0","","","unknown","No literal production display maximum was statically discoverable.","keep-current-native-viewport-bounded","SOURCE_WITHIN_NATIVE_VIEWPORT"
"assets/content/fight/enemies/dragons/dragons-move-02.png","included","included","astc","present","","512","512","measured","127759","tracked","VRAM Compressed","s3tc_bptc;etc2_astc","true","etc2_astc:s3tc_bptc;etc2_astc","ETC2_ASTC","false","disabled","0","","","unknown","No literal production display maximum was statically discoverable.","keep-current-native-viewport-bounded","SOURCE_WITHIN_NATIVE_VIEWPORT"
"assets/content/fight/enemies/dragons/dragons-move-03.png","included","included","astc","present","","512","512","measured","126316","tracked","VRAM Compressed","s3tc_bptc;etc2_astc","true","etc2_astc:s3tc_bptc;etc2_astc","ETC2_ASTC","false","disabled","0","","","unknown","No literal production display maximum was statically discoverable.","keep-current-native-viewport-bounded","SOURCE_WITHIN_NATIVE_VIEWPORT"
"assets/content/fight/enemies/dragons/dragons-move-04.png","included","included","astc","present","","512","512","measured","123984","tracked","VRAM Compressed","s3tc_bptc;etc2_astc","true","etc2_astc:s3tc_bptc;etc2_astc","ETC2_ASTC","false","disabled","0","","","unknown","No literal production display maximum was statically discoverable.","keep-current-native-viewport-bounded","SOURCE_WITHIN_NATIVE_VIEWPORT"
"assets/content/fight/enemies/dragons/dragons-pounce-01.png","included","included","astc","present","","512","512","measured","96874","tracked","VRAM Compressed","s3tc_bptc;etc2_astc","true","etc2_astc:s3tc_bptc;etc2_astc","ETC2_ASTC","false","disabled","0","","","unknown","No literal production display maximum was statically discoverable.","keep-current-native-viewport-bounded","SOURCE_WITHIN_NATIVE_VIEWPORT"
"assets/content/fight/enemies/dragons/dragons-pounce-02.png","included","included","astc","present","","512","512","measured","84989","tracked","VRAM Compressed","s3tc_bptc;etc2_astc","true","etc2_astc:s3tc_bptc;etc2_astc","ETC2_ASTC","false","disabled","0","","","unknown","No literal production display maximum was statically discoverable.","keep-current-native-viewport-bounded","SOURCE_WITHIN_NATIVE_VIEWPORT"
"assets/content/fight/enemies/dragons/dragons-pounce-03.png","included","included","astc","present","","512","512","measured","97627","tracked","VRAM Compressed","s3tc_bptc;etc2_astc","true","etc2_astc:s3tc_bptc;etc2_astc","ETC2_ASTC","false","disabled","0","","","unknown","No literal production display maximum was statically discoverable.","keep-current-native-viewport-bounded","SOURCE_WITHIN_NATIVE_VIEWPORT"
"assets/content/fight/enemies/dragons/dragons-pounce-04.png","included","included","astc","present","","512","512","measured","120062","tracked","VRAM Compressed","s3tc_bptc;etc2_astc","true","etc2_astc:s3tc_bptc;etc2_astc","ETC2_ASTC","false","disabled","0","","","unknown","No literal production display maximum was statically discoverable.","keep-current-native-viewport-bounded","SOURCE_WITHIN_NATIVE_VIEWPORT"
"assets/content/fight/enemies/dragons/dragons-states-source.png","included","included","default","present","","2048","512","measured","483539","tracked","Lossless","default","false","Lossless","LOSSLESS","false","disabled","0","1080","1080","reviewed-static","Reviewed fixed-cell production atlas; each authored frame fits the native viewport.","keep-reviewed-authored-atlas","REVIEWED_AUTHORED_ATLAS"
"assets/content/fight/enemies/giants/giant-boulder-01.png","included","included","astc","present","","1254","1254","measured","654285","tracked","VRAM Compressed","s3tc_bptc;etc2_astc","true","etc2_astc:s3tc_bptc;etc2_astc","ETC2_ASTC","false","disabled","1080","","","unknown","No literal production display maximum was statically discoverable.","downsample-at-import","GODOT_SIZE_LIMIT"
"assets/content/fight/enemies/giants/giant-boulder-02.png","included","included","astc","present","","1254","1254","measured","556906","tracked","VRAM Compressed","s3tc_bptc;etc2_astc","true","etc2_astc:s3tc_bptc;etc2_astc","ETC2_ASTC","false","disabled","1080","","","unknown","No literal production display maximum was statically discoverable.","downsample-at-import","GODOT_SIZE_LIMIT"
"assets/content/fight/enemies/giants/giant-boulder-03.png","included","included","astc","present","","1254","1254","measured","643743","tracked","VRAM Compressed","s3tc_bptc;etc2_astc","true","etc2_astc:s3tc_bptc;etc2_astc","ETC2_ASTC","false","disabled","1080","","","unknown","No literal production display maximum was statically discoverable.","downsample-at-import","GODOT_SIZE_LIMIT"
"assets/content/fight/enemies/giants/giants-attack-01.png","included","included","astc","present","","512","512","measured","111880","tracked","VRAM Compressed","s3tc_bptc;etc2_astc","true","etc2_astc:s3tc_bptc;etc2_astc","ETC2_ASTC","false","disabled","0","","","unknown","No literal production display maximum was statically discoverable.","keep-current-native-viewport-bounded","SOURCE_WITHIN_NATIVE_VIEWPORT"
"assets/content/fight/enemies/giants/giants-attack-02.png","included","included","astc","present","","512","512","measured","99956","tracked","VRAM Compressed","s3tc_bptc;etc2_astc","true","etc2_astc:s3tc_bptc;etc2_astc","ETC2_ASTC","false","disabled","0","","","unknown","No literal production display maximum was statically discoverable.","keep-current-native-viewport-bounded","SOURCE_WITHIN_NATIVE_VIEWPORT"
"assets/content/fight/enemies/giants/giants-attack-03.png","included","included","astc","present","","512","512","measured","103249","tracked","VRAM Compressed","s3tc_bptc;etc2_astc","true","etc2_astc:s3tc_bptc;etc2_astc","ETC2_ASTC","false","disabled","0","","","unknown","No literal production display maximum was statically discoverable.","keep-current-native-viewport-bounded","SOURCE_WITHIN_NATIVE_VIEWPORT"
"assets/content/fight/enemies/giants/giants-attack-04.png","included","included","astc","present","","512","512","measured","110423","tracked","VRAM Compressed","s3tc_bptc;etc2_astc","true","etc2_astc:s3tc_bptc;etc2_astc","ETC2_ASTC","false","disabled","0","","","unknown","No literal production display maximum was statically discoverable.","keep-current-native-viewport-bounded","SOURCE_WITHIN_NATIVE_VIEWPORT"
"assets/content/fight/enemies/giants/giants-move-01.png","included","included","astc","present","","1254","1254","measured","450178","tracked","VRAM Compressed","s3tc_bptc;etc2_astc","true","etc2_astc:s3tc_bptc;etc2_astc","ETC2_ASTC","false","disabled","1080","","","unknown","No literal production display maximum was statically discoverable.","downsample-at-import","GODOT_SIZE_LIMIT"
"assets/content/fight/enemies/giants/giants-move-02.png","included","included","astc","present","","1254","1254","measured","438031","tracked","VRAM Compressed","s3tc_bptc;etc2_astc","true","etc2_astc:s3tc_bptc;etc2_astc","ETC2_ASTC","false","disabled","1080","","","unknown","No literal production display maximum was statically discoverable.","downsample-at-import","GODOT_SIZE_LIMIT"
"assets/content/fight/enemies/giants/giants-move-03.png","included","included","astc","present","","1254","1254","measured","428959","tracked","VRAM Compressed","s3tc_bptc;etc2_astc","true","etc2_astc:s3tc_bptc;etc2_astc","ETC2_ASTC","false","disabled","1080","","","unknown","No literal production display maximum was statically discoverable.","downsample-at-import","GODOT_SIZE_LIMIT"
"assets/content/fight/enemies/giants/giants-move-04.png","included","included","astc","present","","1254","1254","measured","462325","tracked","VRAM Compressed","s3tc_bptc;etc2_astc","true","etc2_astc:s3tc_bptc;etc2_astc","ETC2_ASTC","false","disabled","1080","","","unknown","No literal production display maximum was statically discoverable.","downsample-at-import","GODOT_SIZE_LIMIT"
"assets/content/fight/enemies/giants/giants-move-05.png","included","included","astc","present","","1254","1254","measured","507317","tracked","VRAM Compressed","s3tc_bptc;etc2_astc","true","etc2_astc:s3tc_bptc;etc2_astc","ETC2_ASTC","false","disabled","1080","","","unknown","No literal production display maximum was statically discoverable.","downsample-at-import","GODOT_SIZE_LIMIT"
"assets/content/fight/enemies/giants/giants-move-06.png","included","included","astc","present","","1254","1254","measured","513365","tracked","VRAM Compressed","s3tc_bptc;etc2_astc","true","etc2_astc:s3tc_bptc;etc2_astc","ETC2_ASTC","false","disabled","1080","","","unknown","No literal production display maximum was statically discoverable.","downsample-at-import","GODOT_SIZE_LIMIT"
"assets/content/fight/enemies/giants/giants-move-07.png","included","included","astc","present","","1254","1254","measured","451788","tracked","VRAM Compressed","s3tc_bptc;etc2_astc","true","etc2_astc:s3tc_bptc;etc2_astc","ETC2_ASTC","false","disabled","1080","","","unknown","No literal production display maximum was statically discoverable.","downsample-at-import","GODOT_SIZE_LIMIT"
"assets/content/fight/enemies/giants/giants-move-08.png","included","included","astc","present","","1254","1254","measured","478674","tracked","VRAM Compressed","s3tc_bptc;etc2_astc","true","etc2_astc:s3tc_bptc;etc2_astc","ETC2_ASTC","false","disabled","1080","","","unknown","No literal production display maximum was statically discoverable.","downsample-at-import","GODOT_SIZE_LIMIT"
"assets/content/fight/enemies/giants/giants-states-source.png","included","included","astc","present","","2172","724","measured","1377249","tracked","VRAM Compressed","s3tc_bptc;etc2_astc","true","etc2_astc:s3tc_bptc;etc2_astc","ETC2_ASTC","false","disabled","0","1080","1080","reviewed-static","docs/activity-database.json art via ActionArtUi.ACTION_ART_SIZE; Reviewed fixed-cell production atlas; each authored frame fits the native viewport.","keep-reviewed-authored-atlas","REVIEWED_AUTHORED_ATLAS"
"assets/content/fight/enemies/goblins/goblin-shield.png","included","included","astc","present","","512","512","measured","166449","tracked","VRAM Compressed","s3tc_bptc;etc2_astc","true","etc2_astc:s3tc_bptc;etc2_astc","ETC2_ASTC","false","disabled","0","","","unknown","No literal production display maximum was statically discoverable.","keep-current-native-viewport-bounded","SOURCE_WITHIN_NATIVE_VIEWPORT"
"assets/content/fight/enemies/goblins/goblins-attack-01.png","included","included","astc","present","","512","512","measured","154498","tracked","VRAM Compressed","s3tc_bptc;etc2_astc","true","etc2_astc:s3tc_bptc;etc2_astc","ETC2_ASTC","false","disabled","0","","","unknown","No literal production display maximum was statically discoverable.","keep-current-native-viewport-bounded","SOURCE_WITHIN_NATIVE_VIEWPORT"
"assets/content/fight/enemies/goblins/goblins-attack-02.png","included","included","astc","present","","512","512","measured","163611","tracked","VRAM Compressed","s3tc_bptc;etc2_astc","true","etc2_astc:s3tc_bptc;etc2_astc","ETC2_ASTC","false","disabled","0","","","unknown","No literal production display maximum was statically discoverable.","keep-current-native-viewport-bounded","SOURCE_WITHIN_NATIVE_VIEWPORT"
"assets/content/fight/enemies/goblins/goblins-attack-03.png","included","included","astc","present","","512","512","measured","146832","tracked","VRAM Compressed","s3tc_bptc;etc2_astc","true","etc2_astc:s3tc_bptc;etc2_astc","ETC2_ASTC","false","disabled","0","","","unknown","No literal production display maximum was statically discoverable.","keep-current-native-viewport-bounded","SOURCE_WITHIN_NATIVE_VIEWPORT"
"assets/content/fight/enemies/goblins/goblins-attack-04.png","included","included","astc","present","","512","512","measured","180265","tracked","VRAM Compressed","s3tc_bptc;etc2_astc","true","etc2_astc:s3tc_bptc;etc2_astc","ETC2_ASTC","false","disabled","0","","","unknown","No literal production display maximum was statically discoverable.","keep-current-native-viewport-bounded","SOURCE_WITHIN_NATIVE_VIEWPORT"
"assets/content/fight/enemies/goblins/goblins-defeated.png","included","included","astc","present","","512","512","measured","100667","tracked","VRAM Compressed","s3tc_bptc;etc2_astc","true","etc2_astc:s3tc_bptc;etc2_astc","ETC2_ASTC","false","disabled","0","","","unknown","No literal production display maximum was statically discoverable.","keep-current-native-viewport-bounded","SOURCE_WITHIN_NATIVE_VIEWPORT"
"assets/content/fight/enemies/goblins/goblins-dizzy.png","included","included","astc","present","","512","512","measured","180005","tracked","VRAM Compressed","s3tc_bptc;etc2_astc","true","etc2_astc:s3tc_bptc;etc2_astc","ETC2_ASTC","false","disabled","0","","","unknown","No literal production display maximum was statically discoverable.","keep-current-native-viewport-bounded","SOURCE_WITHIN_NATIVE_VIEWPORT"
"assets/content/fight/enemies/goblins/goblins-hit.png","included","included","astc","present","","512","512","measured","157080","tracked","VRAM Compressed","s3tc_bptc;etc2_astc","true","etc2_astc:s3tc_bptc;etc2_astc","ETC2_ASTC","false","disabled","0","","","unknown","No literal production display maximum was statically discoverable.","keep-current-native-viewport-bounded","SOURCE_WITHIN_NATIVE_VIEWPORT"
"assets/content/fight/enemies/goblins/goblins-idle.png","included","included","astc","present","","512","512","measured","174661","tracked","VRAM Compressed","s3tc_bptc;etc2_astc","true","etc2_astc:s3tc_bptc;etc2_astc","ETC2_ASTC","false","disabled","0","213.6","213.6","partial-static","docs/activity-database.json art via ActionArtUi.ACTION_ART_SIZE","keep-current-native-viewport-bounded","SOURCE_WITHIN_NATIVE_VIEWPORT"
"assets/content/fight/enemies/goblins/goblins-move-01.png","included","included","astc","present","","512","512","measured","174661","tracked","VRAM Compressed","s3tc_bptc;etc2_astc","true","etc2_astc:s3tc_bptc;etc2_astc","ETC2_ASTC","false","disabled","0","","","unknown","No literal production display maximum was statically discoverable.","keep-current-native-viewport-bounded","SOURCE_WITHIN_NATIVE_VIEWPORT"
"assets/content/fight/enemies/goblins/goblins-move-02.png","included","included","astc","present","","512","512","measured","167159","tracked","VRAM Compressed","s3tc_bptc;etc2_astc","true","etc2_astc:s3tc_bptc;etc2_astc","ETC2_ASTC","false","disabled","0","","","unknown","No literal production display maximum was statically discoverable.","keep-current-native-viewport-bounded","SOURCE_WITHIN_NATIVE_VIEWPORT"
"assets/content/fight/enemies/goblins/goblins-move-03.png","included","included","astc","present","","512","512","measured","169199","tracked","VRAM Compressed","s3tc_bptc;etc2_astc","true","etc2_astc:s3tc_bptc;etc2_astc","ETC2_ASTC","false","disabled","0","","","unknown","No literal production display maximum was statically discoverable.","keep-current-native-viewport-bounded","SOURCE_WITHIN_NATIVE_VIEWPORT"
"assets/content/fight/enemies/goblins/goblins-move-04.png","included","included","astc","present","","512","512","measured","169502","tracked","VRAM Compressed","s3tc_bptc;etc2_astc","true","etc2_astc:s3tc_bptc;etc2_astc","ETC2_ASTC","false","disabled","0","","","unknown","No literal production display maximum was statically discoverable.","keep-current-native-viewport-bounded","SOURCE_WITHIN_NATIVE_VIEWPORT"
"assets/content/fight/enemies/goblins/goblins-states-source.png","included","included","default","present","","2172","724","measured","796758","tracked","Lossless","default","false","Lossless","LOSSLESS","false","disabled","0","1080","1080","reviewed-static","Reviewed fixed-cell production atlas; each authored frame fits the native viewport.","keep-reviewed-authored-atlas","REVIEWED_AUTHORED_ATLAS"
"assets/content/fight/enemies/guys/guys-attack-01.png","included","included","astc","present","","512","512","measured","93716","tracked","VRAM Compressed","s3tc_bptc;etc2_astc","true","etc2_astc:s3tc_bptc;etc2_astc","ETC2_ASTC","false","disabled","0","","","unknown","No literal production display maximum was statically discoverable.","keep-current-native-viewport-bounded","SOURCE_WITHIN_NATIVE_VIEWPORT"
"assets/content/fight/enemies/guys/guys-attack-02.png","included","included","astc","present","","512","512","measured","103649","tracked","VRAM Compressed","s3tc_bptc;etc2_astc","true","etc2_astc:s3tc_bptc;etc2_astc","ETC2_ASTC","false","disabled","0","","","unknown","No literal production display maximum was statically discoverable.","keep-current-native-viewport-bounded","SOURCE_WITHIN_NATIVE_VIEWPORT"
"assets/content/fight/enemies/guys/guys-attack-03.png","included","included","astc","present","","512","512","measured","83527","tracked","VRAM Compressed","s3tc_bptc;etc2_astc","true","etc2_astc:s3tc_bptc;etc2_astc","ETC2_ASTC","false","disabled","0","","","unknown","No literal production display maximum was statically discoverable.","keep-current-native-viewport-bounded","SOURCE_WITHIN_NATIVE_VIEWPORT"
"assets/content/fight/enemies/guys/guys-attack-04.png","included","included","astc","present","","512","512","measured","64429","tracked","VRAM Compressed","s3tc_bptc;etc2_astc","true","etc2_astc:s3tc_bptc;etc2_astc","ETC2_ASTC","false","disabled","0","","","unknown","No literal production display maximum was statically discoverable.","keep-current-native-viewport-bounded","SOURCE_WITHIN_NATIVE_VIEWPORT"
"assets/content/fight/enemies/guys/guys-defeated.png","included","included","default","present","","442","237","measured","80812","tracked","Lossless","default","false","Lossless","LOSSLESS","false","disabled","0","","","unknown","No literal production display maximum was statically discoverable.","keep-current-native-viewport-bounded","SOURCE_WITHIN_NATIVE_VIEWPORT"
"assets/content/fight/enemies/guys/guys-dizzy.png","included","included","astc","present","","512","512","measured","133477","tracked","VRAM Compressed","s3tc_bptc;etc2_astc","true","etc2_astc:s3tc_bptc;etc2_astc","ETC2_ASTC","false","disabled","0","","","unknown","No literal production display maximum was statically discoverable.","keep-current-native-viewport-bounded","SOURCE_WITHIN_NATIVE_VIEWPORT"
"assets/content/fight/enemies/guys/guys-hit.png","included","included","default","present","","420","480","measured","156281","tracked","Lossless","default","false","Lossless","LOSSLESS","false","disabled","0","","","unknown","No literal production display maximum was statically discoverable.","keep-current-native-viewport-bounded","SOURCE_WITHIN_NATIVE_VIEWPORT"
"assets/content/fight/enemies/guys/guys-idle.png","included","included","default","present","","329","439","measured","112719","tracked","Lossless","default","false","Lossless","LOSSLESS","false","disabled","0","213.6","213.6","partial-static","docs/activity-database.json art via ActionArtUi.ACTION_ART_SIZE","keep-current-native-viewport-bounded","SOURCE_WITHIN_NATIVE_VIEWPORT"
"assets/content/fight/enemies/guys/guys-run-01.png","included","included","astc","present","","512","512","measured","177449","tracked","VRAM Compressed","s3tc_bptc;etc2_astc","true","etc2_astc:s3tc_bptc;etc2_astc","ETC2_ASTC","false","disabled","0","","","unknown","No literal production display maximum was statically discoverable.","keep-current-native-viewport-bounded","SOURCE_WITHIN_NATIVE_VIEWPORT"
"assets/content/fight/enemies/guys/guys-run-02.png","included","included","astc","present","","512","512","measured","152510","tracked","VRAM Compressed","s3tc_bptc;etc2_astc","true","etc2_astc:s3tc_bptc;etc2_astc","ETC2_ASTC","false","disabled","0","","","unknown","No literal production display maximum was statically discoverable.","keep-current-native-viewport-bounded","SOURCE_WITHIN_NATIVE_VIEWPORT"
"assets/content/fight/enemies/guys/guys-run-03.png","included","included","astc","present","","512","512","measured","154235","tracked","VRAM Compressed","s3tc_bptc;etc2_astc","true","etc2_astc:s3tc_bptc;etc2_astc","ETC2_ASTC","false","disabled","0","","","unknown","No literal production display maximum was statically discoverable.","keep-current-native-viewport-bounded","SOURCE_WITHIN_NATIVE_VIEWPORT"
"assets/content/fight/enemies/guys/guys-run-04.png","included","included","astc","present","","512","512","measured","194858","tracked","VRAM Compressed","s3tc_bptc;etc2_astc","true","etc2_astc:s3tc_bptc;etc2_astc","ETC2_ASTC","false","disabled","0","","","unknown","No literal production display maximum was statically discoverable.","keep-current-native-viewport-bounded","SOURCE_WITHIN_NATIVE_VIEWPORT"
"assets/content/fight/enemies/guys/guys-states-source.png","included","included","default","present","","2172","724","measured","497263","tracked","Lossless","default","false","Lossless","LOSSLESS","false","disabled","0","1080","1080","reviewed-static","Reviewed fixed-cell production atlas; each authored frame fits the native viewport.","keep-reviewed-authored-atlas","REVIEWED_AUTHORED_ATLAS"
"assets/content/fight/enemies/guys/guys-walk-01.png","included","included","astc","present","","512","512","measured","151880","tracked","VRAM Compressed","s3tc_bptc;etc2_astc","true","etc2_astc:s3tc_bptc;etc2_astc","ETC2_ASTC","false","disabled","0","","","unknown","No literal production display maximum was statically discoverable.","keep-current-native-viewport-bounded","SOURCE_WITHIN_NATIVE_VIEWPORT"
"assets/content/fight/enemies/guys/guys-walk-02.png","included","included","astc","present","","512","512","measured","150265","tracked","VRAM Compressed","s3tc_bptc;etc2_astc","true","etc2_astc:s3tc_bptc;etc2_astc","ETC2_ASTC","false","disabled","0","","","unknown","No literal production display maximum was statically discoverable.","keep-current-native-viewport-bounded","SOURCE_WITHIN_NATIVE_VIEWPORT"
"assets/content/fight/enemies/guys/guys-walk-03.png","included","included","astc","present","","512","512","measured","119513","tracked","VRAM Compressed","s3tc_bptc;etc2_astc","true","etc2_astc:s3tc_bptc;etc2_astc","ETC2_ASTC","false","disabled","0","","","unknown","No literal production display maximum was statically discoverable.","keep-current-native-viewport-bounded","SOURCE_WITHIN_NATIVE_VIEWPORT"
"assets/content/fight/enemies/guys/guys-walk-04.png","included","included","astc","present","","512","512","measured","148231","tracked","VRAM Compressed","s3tc_bptc;etc2_astc","true","etc2_astc:s3tc_bptc;etc2_astc","ETC2_ASTC","false","disabled","0","","","unknown","No literal production display maximum was statically discoverable.","keep-current-native-viewport-bounded","SOURCE_WITHIN_NATIVE_VIEWPORT"
"assets/content/fight/enemies/rouses/rouses-attack-01.png","included","included","astc","present","","512","512","measured","74344","tracked","VRAM Compressed","s3tc_bptc;etc2_astc","true","etc2_astc:s3tc_bptc;etc2_astc","ETC2_ASTC","false","disabled","0","","","unknown","No literal production display maximum was statically discoverable.","keep-current-native-viewport-bounded","SOURCE_WITHIN_NATIVE_VIEWPORT"
"assets/content/fight/enemies/rouses/rouses-attack-02.png","included","included","astc","present","","512","512","measured","77763","tracked","VRAM Compressed","s3tc_bptc;etc2_astc","true","etc2_astc:s3tc_bptc;etc2_astc","ETC2_ASTC","false","disabled","0","","","unknown","No literal production display maximum was statically discoverable.","keep-current-native-viewport-bounded","SOURCE_WITHIN_NATIVE_VIEWPORT"
"assets/content/fight/enemies/rouses/rouses-attack-03.png","included","included","astc","present","","512","512","measured","84040","tracked","VRAM Compressed","s3tc_bptc;etc2_astc","true","etc2_astc:s3tc_bptc;etc2_astc","ETC2_ASTC","false","disabled","0","","","unknown","No literal production display maximum was statically discoverable.","keep-current-native-viewport-bounded","SOURCE_WITHIN_NATIVE_VIEWPORT"
"assets/content/fight/enemies/rouses/rouses-attack-04.png","included","included","astc","present","","512","512","measured","75577","tracked","VRAM Compressed","s3tc_bptc;etc2_astc","true","etc2_astc:s3tc_bptc;etc2_astc","ETC2_ASTC","false","disabled","0","","","unknown","No literal production display maximum was statically discoverable.","keep-current-native-viewport-bounded","SOURCE_WITHIN_NATIVE_VIEWPORT"
"assets/content/fight/enemies/rouses/rouses-defeated.png","included","included","astc","present","","512","512","measured","83440","tracked","VRAM Compressed","s3tc_bptc;etc2_astc","true","etc2_astc:s3tc_bptc;etc2_astc","ETC2_ASTC","false","disabled","0","","","unknown","No literal production display maximum was statically discoverable.","keep-current-native-viewport-bounded","SOURCE_WITHIN_NATIVE_VIEWPORT"
"assets/content/fight/enemies/rouses/rouses-dizzy.png","included","included","astc","present","","512","512","measured","59272","tracked","VRAM Compressed","s3tc_bptc;etc2_astc","true","etc2_astc:s3tc_bptc;etc2_astc","ETC2_ASTC","false","disabled","0","","","unknown","No literal production display maximum was statically discoverable.","keep-current-native-viewport-bounded","SOURCE_WITHIN_NATIVE_VIEWPORT"
"assets/content/fight/enemies/rouses/rouses-hit.png","included","included","astc","present","","512","512","measured","51602","tracked","VRAM Compressed","s3tc_bptc;etc2_astc","true","etc2_astc:s3tc_bptc;etc2_astc","ETC2_ASTC","false","disabled","0","","","unknown","No literal production display maximum was statically discoverable.","keep-current-native-viewport-bounded","SOURCE_WITHIN_NATIVE_VIEWPORT"
"assets/content/fight/enemies/rouses/rouses-idle.png","included","included","astc","present","","512","512","measured","60777","tracked","VRAM Compressed","s3tc_bptc;etc2_astc","true","etc2_astc:s3tc_bptc;etc2_astc","ETC2_ASTC","false","disabled","0","213.6","213.6","partial-static","docs/activity-database.json art via ActionArtUi.ACTION_ART_SIZE","keep-current-native-viewport-bounded","SOURCE_WITHIN_NATIVE_VIEWPORT"
"assets/content/fight/enemies/rouses/rouses-move-01.png","included","included","astc","present","","512","512","measured","60777","tracked","VRAM Compressed","s3tc_bptc;etc2_astc","true","etc2_astc:s3tc_bptc;etc2_astc","ETC2_ASTC","false","disabled","0","","","unknown","No literal production display maximum was statically discoverable.","keep-current-native-viewport-bounded","SOURCE_WITHIN_NATIVE_VIEWPORT"
"assets/content/fight/enemies/rouses/rouses-move-02.png","included","included","astc","present","","512","512","measured","62172","tracked","VRAM Compressed","s3tc_bptc;etc2_astc","true","etc2_astc:s3tc_bptc;etc2_astc","ETC2_ASTC","false","disabled","0","","","unknown","No literal production display maximum was statically discoverable.","keep-current-native-viewport-bounded","SOURCE_WITHIN_NATIVE_VIEWPORT"
"assets/content/fight/enemies/rouses/rouses-move-03.png","included","included","astc","present","","512","512","measured","66626","tracked","VRAM Compressed","s3tc_bptc;etc2_astc","true","etc2_astc:s3tc_bptc;etc2_astc","ETC2_ASTC","false","disabled","0","","","unknown","No literal production display maximum was statically discoverable.","keep-current-native-viewport-bounded","SOURCE_WITHIN_NATIVE_VIEWPORT"
"assets/content/fight/enemies/rouses/rouses-move-04.png","included","included","astc","present","","512","512","measured","73751","tracked","VRAM Compressed","s3tc_bptc;etc2_astc","true","etc2_astc:s3tc_bptc;etc2_astc","ETC2_ASTC","false","disabled","0","","","unknown","No literal production display maximum was statically discoverable.","keep-current-native-viewport-bounded","SOURCE_WITHIN_NATIVE_VIEWPORT"
"assets/content/fight/enemies/rouses/rouses-states-source.png","included","included","default","present","","2172","724","measured","972768","tracked","Lossless","default","false","Lossless","LOSSLESS","false","disabled","0","1080","1080","reviewed-static","Reviewed fixed-cell production atlas; each authored frame fits the native viewport.","keep-reviewed-authored-atlas","REVIEWED_AUTHORED_ATLAS"
"assets/content/fight/enemies/vampires/giant-bat/attack/frame-00.png","included","included","astc","present","","1536","1024","measured","510521","tracked","VRAM Compressed","s3tc_bptc;etc2_astc","true","etc2_astc:s3tc_bptc;etc2_astc","ETC2_ASTC","false","disabled","1080","","","unknown","No literal production display maximum was statically discoverable.","downsample-at-import","GODOT_SIZE_LIMIT"
"assets/content/fight/enemies/vampires/giant-bat/attack/frame-01.png","included","included","astc","present","","1536","1024","measured","516704","tracked","VRAM Compressed","s3tc_bptc;etc2_astc","true","etc2_astc:s3tc_bptc;etc2_astc","ETC2_ASTC","false","disabled","1080","","","unknown","No literal production display maximum was statically discoverable.","downsample-at-import","GODOT_SIZE_LIMIT"
"assets/content/fight/enemies/vampires/giant-bat/attack/frame-02.png","included","included","astc","present","","1536","1024","measured","544251","tracked","VRAM Compressed","s3tc_bptc;etc2_astc","true","etc2_astc:s3tc_bptc;etc2_astc","ETC2_ASTC","false","disabled","1080","","","unknown","No literal production display maximum was statically discoverable.","downsample-at-import","GODOT_SIZE_LIMIT"
"assets/content/fight/enemies/vampires/giant-bat/attack/frame-03.png","included","included","astc","present","","1536","1024","measured","621806","tracked","VRAM Compressed","s3tc_bptc;etc2_astc","true","etc2_astc:s3tc_bptc;etc2_astc","ETC2_ASTC","false","disabled","1080","","","unknown","No literal production display maximum was statically discoverable.","downsample-at-import","GODOT_SIZE_LIMIT"
"assets/content/fight/enemies/vampires/giant-bat/flight/frame-00.png","included","included","astc","present","","1536","1024","measured","448000","tracked","VRAM Compressed","s3tc_bptc;etc2_astc","true","etc2_astc:s3tc_bptc;etc2_astc","ETC2_ASTC","false","disabled","1080","","","unknown","No literal production display maximum was statically discoverable.","downsample-at-import","GODOT_SIZE_LIMIT"
"assets/content/fight/enemies/vampires/giant-bat/flight/frame-01.png","included","included","astc","present","","1254","1254","measured","619985","tracked","VRAM Compressed","s3tc_bptc;etc2_astc","true","etc2_astc:s3tc_bptc;etc2_astc","ETC2_ASTC","false","disabled","1080","","","unknown","No literal production display maximum was statically discoverable.","downsample-at-import","GODOT_SIZE_LIMIT"
"assets/content/fight/enemies/vampires/giant-bat/flight/frame-02.png","included","included","astc","present","","1536","1024","measured","553376","tracked","VRAM Compressed","s3tc_bptc;etc2_astc","true","etc2_astc:s3tc_bptc;etc2_astc","ETC2_ASTC","false","disabled","1080","","","unknown","No literal production display maximum was statically discoverable.","downsample-at-import","GODOT_SIZE_LIMIT"
"assets/content/fight/enemies/vampires/giant-bat/transform/frame-00.png","included","included","astc","present","","1536","1024","measured","575315","tracked","VRAM Compressed","s3tc_bptc;etc2_astc","true","etc2_astc:s3tc_bptc;etc2_astc","ETC2_ASTC","false","disabled","1080","","","unknown","No literal production display maximum was statically discoverable.","downsample-at-import","GODOT_SIZE_LIMIT"
"assets/content/fight/enemies/vampires/giant-bat/transform/frame-01.png","included","included","astc","present","","1536","1024","measured","720828","tracked","VRAM Compressed","s3tc_bptc;etc2_astc","true","etc2_astc:s3tc_bptc;etc2_astc","ETC2_ASTC","false","disabled","1080","","","unknown","No literal production display maximum was statically discoverable.","downsample-at-import","GODOT_SIZE_LIMIT"
"assets/content/fight/enemies/vampires/giant-bat/transform/frame-02.png","included","included","astc","present","","1024","1536","measured","725503","tracked","VRAM Compressed","s3tc_bptc;etc2_astc","true","etc2_astc:s3tc_bptc;etc2_astc","ETC2_ASTC","false","disabled","0","","","unknown","No literal production display maximum was statically discoverable.","keep-current-native-viewport-bounded","SOURCE_WITHIN_NATIVE_VIEWPORT"
"assets/content/fight/enemies/vampires/giant-bat/transform/frame-03.png","included","included","astc","present","","1402","1122","measured","703121","tracked","VRAM Compressed","s3tc_bptc;etc2_astc","true","etc2_astc:s3tc_bptc;etc2_astc","ETC2_ASTC","false","disabled","1080","","","unknown","No literal production display maximum was statically discoverable.","downsample-at-import","GODOT_SIZE_LIMIT"
"assets/content/fight/enemies/vampires/giant-bat/walk/frame-00.png","included","included","astc","present","","1024","1536","measured","1179493","tracked","VRAM Compressed","s3tc_bptc;etc2_astc","true","etc2_astc:s3tc_bptc;etc2_astc","ETC2_ASTC","false","disabled","0","","","unknown","No literal production display maximum was statically discoverable.","keep-current-native-viewport-bounded","SOURCE_WITHIN_NATIVE_VIEWPORT"
"assets/content/fight/enemies/vampires/giant-bat/walk/frame-01.png","included","included","astc","present","","1024","1536","measured","1235488","tracked","VRAM Compressed","s3tc_bptc;etc2_astc","true","etc2_astc:s3tc_bptc;etc2_astc","ETC2_ASTC","false","disabled","0","","","unknown","No literal production display maximum was statically discoverable.","keep-current-native-viewport-bounded","SOURCE_WITHIN_NATIVE_VIEWPORT"
"assets/content/fight/enemies/vampires/giant-bat/walk/frame-02.png","included","included","astc","present","","1024","1536","measured","1290691","tracked","VRAM Compressed","s3tc_bptc;etc2_astc","true","etc2_astc:s3tc_bptc;etc2_astc","ETC2_ASTC","false","disabled","0","","","unknown","No literal production display maximum was statically discoverable.","keep-current-native-viewport-bounded","SOURCE_WITHIN_NATIVE_VIEWPORT"
"assets/content/fight/enemies/vampires/giant-bat/walk/frame-03.png","included","included","astc","present","","1024","1536","measured","614021","tracked","VRAM Compressed","s3tc_bptc;etc2_astc","true","etc2_astc:s3tc_bptc;etc2_astc","ETC2_ASTC","false","disabled","0","","","unknown","No literal production display maximum was statically discoverable.","keep-current-native-viewport-bounded","SOURCE_WITHIN_NATIVE_VIEWPORT"
"assets/content/fight/enemies/vampires/giant-bat/walk/frame-04.png","included","included","astc","present","","1024","1536","measured","1219051","tracked","VRAM Compressed","s3tc_bptc;etc2_astc","true","etc2_astc:s3tc_bptc;etc2_astc","ETC2_ASTC","false","disabled","0","","","unknown","No literal production display maximum was statically discoverable.","keep-current-native-viewport-bounded","SOURCE_WITHIN_NATIVE_VIEWPORT"
"assets/content/fight/enemies/vampires/giant-bat/walk/frame-05.png","included","included","astc","present","","1024","1536","measured","1249185","tracked","VRAM Compressed","s3tc_bptc;etc2_astc","true","etc2_astc:s3tc_bptc;etc2_astc","ETC2_ASTC","false","disabled","0","","","unknown","No literal production display maximum was statically discoverable.","keep-current-native-viewport-bounded","SOURCE_WITHIN_NATIVE_VIEWPORT"
"assets/content/fight/enemies/vampires/giant-bat/walk/frame-06.png","included","included","astc","present","","1024","1536","measured","1202469","tracked","VRAM Compressed","s3tc_bptc;etc2_astc","true","etc2_astc:s3tc_bptc;etc2_astc","ETC2_ASTC","false","disabled","0","","","unknown","No literal production display maximum was statically discoverable.","keep-current-native-viewport-bounded","SOURCE_WITHIN_NATIVE_VIEWPORT"
"assets/content/fight/enemies/vampires/giant-bat/walk/frame-07.png","included","included","astc","present","","1024","1536","measured","1224004","tracked","VRAM Compressed","s3tc_bptc;etc2_astc","true","etc2_astc:s3tc_bptc;etc2_astc","ETC2_ASTC","false","disabled","0","","","unknown","No literal production display maximum was statically discoverable.","keep-current-native-viewport-bounded","SOURCE_WITHIN_NATIVE_VIEWPORT"
"assets/content/fight/enemies/vampires/vampire-bat-flap-01.png","included","included","astc","present","","1536","1024","measured","187204","tracked","VRAM Compressed","s3tc_bptc;etc2_astc","true","etc2_astc:s3tc_bptc;etc2_astc","ETC2_ASTC","false","disabled","1080","","","unknown","No literal production display maximum was statically discoverable.","downsample-at-import","GODOT_SIZE_LIMIT"
"assets/content/fight/enemies/vampires/vampire-bat-flap-02.png","included","included","astc","present","","1536","1024","measured","143097","tracked","VRAM Compressed","s3tc_bptc;etc2_astc","true","etc2_astc:s3tc_bptc;etc2_astc","ETC2_ASTC","false","disabled","1080","","","unknown","No literal production display maximum was statically discoverable.","downsample-at-import","GODOT_SIZE_LIMIT"
"assets/content/fight/enemies/vampires/vampires-attack-01.png","included","included","astc","present","","512","512","measured","148733","tracked","VRAM Compressed","s3tc_bptc;etc2_astc","true","etc2_astc:s3tc_bptc;etc2_astc","ETC2_ASTC","false","disabled","0","","","unknown","No literal production display maximum was statically discoverable.","keep-current-native-viewport-bounded","SOURCE_WITHIN_NATIVE_VIEWPORT"
"assets/content/fight/enemies/vampires/vampires-attack-02.png","included","included","astc","present","","512","512","measured","132749","tracked","VRAM Compressed","s3tc_bptc;etc2_astc","true","etc2_astc:s3tc_bptc;etc2_astc","ETC2_ASTC","false","disabled","0","","","unknown","No literal production display maximum was statically discoverable.","keep-current-native-viewport-bounded","SOURCE_WITHIN_NATIVE_VIEWPORT"
"assets/content/fight/enemies/vampires/vampires-attack-03.png","included","included","astc","present","","512","512","measured","137863","tracked","VRAM Compressed","s3tc_bptc;etc2_astc","true","etc2_astc:s3tc_bptc;etc2_astc","ETC2_ASTC","false","disabled","0","","","unknown","No literal production display maximum was statically discoverable.","keep-current-native-viewport-bounded","SOURCE_WITHIN_NATIVE_VIEWPORT"
"assets/content/fight/enemies/vampires/vampires-attack-04.png","included","included","astc","present","","512","512","measured","127879","tracked","VRAM Compressed","s3tc_bptc;etc2_astc","true","etc2_astc:s3tc_bptc;etc2_astc","ETC2_ASTC","false","disabled","0","","","unknown","No literal production display maximum was statically discoverable.","keep-current-native-viewport-bounded","SOURCE_WITHIN_NATIVE_VIEWPORT"
"assets/content/fight/enemies/vampires/vampires-cape-summon-source.png","included","included","astc","present","","1360","1254","measured","609171","tracked","VRAM Compressed","s3tc_bptc;etc2_astc","true","etc2_astc:s3tc_bptc;etc2_astc","ETC2_ASTC","false","disabled","1080","","","unknown","No literal production display maximum was statically discoverable.","downsample-at-import","GODOT_SIZE_LIMIT"
"assets/content/fight/enemies/vampires/vampires-defeated.png","included","included","astc","present","","512","512","measured","89777","tracked","VRAM Compressed","s3tc_bptc;etc2_astc","true","etc2_astc:s3tc_bptc;etc2_astc","ETC2_ASTC","false","disabled","0","","","unknown","No literal production display maximum was statically discoverable.","keep-current-native-viewport-bounded","SOURCE_WITHIN_NATIVE_VIEWPORT"
"assets/content/fight/enemies/vampires/vampires-dizzy.png","included","included","astc","present","","512","512","measured","144105","tracked","VRAM Compressed","s3tc_bptc;etc2_astc","true","etc2_astc:s3tc_bptc;etc2_astc","ETC2_ASTC","false","disabled","0","","","unknown","No literal production display maximum was statically discoverable.","keep-current-native-viewport-bounded","SOURCE_WITHIN_NATIVE_VIEWPORT"
"assets/content/fight/enemies/vampires/vampires-hit.png","included","included","astc","present","","512","512","measured","136094","tracked","VRAM Compressed","s3tc_bptc;etc2_astc","true","etc2_astc:s3tc_bptc;etc2_astc","ETC2_ASTC","false","disabled","0","","","unknown","No literal production display maximum was statically discoverable.","keep-current-native-viewport-bounded","SOURCE_WITHIN_NATIVE_VIEWPORT"
"assets/content/fight/enemies/vampires/vampires-idle-closed-alpha.png","included","included","astc","present","","1254","1254","measured","419291","tracked","VRAM Compressed","s3tc_bptc;etc2_astc","true","etc2_astc:s3tc_bptc;etc2_astc","ETC2_ASTC","false","disabled","1080","","","unknown","No literal production display maximum was statically discoverable.","downsample-at-import","GODOT_SIZE_LIMIT"
"assets/content/fight/enemies/vampires/vampires-idle.png","included","included","astc","present","","512","512","measured","105058","tracked","VRAM Compressed","s3tc_bptc;etc2_astc","true","etc2_astc:s3tc_bptc;etc2_astc","ETC2_ASTC","false","disabled","0","213.6","213.6","partial-static","docs/activity-database.json art via ActionArtUi.ACTION_ART_SIZE","keep-current-native-viewport-bounded","SOURCE_WITHIN_NATIVE_VIEWPORT"
"assets/content/fight/enemies/vampires/vampires-mind.png","included","included","astc","present","","1254","1254","measured","536989","tracked","VRAM Compressed","s3tc_bptc;etc2_astc","true","etc2_astc:s3tc_bptc;etc2_astc","ETC2_ASTC","false","disabled","1080","","","unknown","No literal production display maximum was statically discoverable.","downsample-at-import","GODOT_SIZE_LIMIT"
"assets/content/fight/enemies/vampires/vampires-move-01.png","included","included","astc","present","","512","512","measured","146431","tracked","VRAM Compressed","s3tc_bptc;etc2_astc","true","etc2_astc:s3tc_bptc;etc2_astc","ETC2_ASTC","false","disabled","0","","","unknown","No literal production display maximum was statically discoverable.","keep-current-native-viewport-bounded","SOURCE_WITHIN_NATIVE_VIEWPORT"
"assets/content/fight/enemies/vampires/vampires-move-02.png","included","included","astc","present","","512","512","measured","120660","tracked","VRAM Compressed","s3tc_bptc;etc2_astc","true","etc2_astc:s3tc_bptc;etc2_astc","ETC2_ASTC","false","disabled","0","","","unknown","No literal production display maximum was statically discoverable.","keep-current-native-viewport-bounded","SOURCE_WITHIN_NATIVE_VIEWPORT"
"assets/content/fight/enemies/vampires/vampires-move-03.png","included","included","astc","present","","512","512","measured","120555","tracked","VRAM Compressed","s3tc_bptc;etc2_astc","true","etc2_astc:s3tc_bptc;etc2_astc","ETC2_ASTC","false","disabled","0","","","unknown","No literal production display maximum was statically discoverable.","keep-current-native-viewport-bounded","SOURCE_WITHIN_NATIVE_VIEWPORT"
"assets/content/fight/enemies/vampires/vampires-move-04.png","included","included","astc","present","","512","512","measured","128432","tracked","VRAM Compressed","s3tc_bptc;etc2_astc","true","etc2_astc:s3tc_bptc;etc2_astc","ETC2_ASTC","false","disabled","0","","","unknown","No literal production display maximum was statically discoverable.","keep-current-native-viewport-bounded","SOURCE_WITHIN_NATIVE_VIEWPORT"
"assets/content/fight/enemies/vampires/vampires-states-source.png","included","included","default","present","","2172","724","measured","796844","tracked","Lossless","default","false","Lossless","LOSSLESS","false","disabled","0","1080","1080","reviewed-static","Reviewed fixed-cell production atlas; each authored frame fits the native viewport.","keep-reviewed-authored-atlas","REVIEWED_AUTHORED_ATLAS"
"assets/content/fight/enemies/werewolves/werewolves-attack-01.png","included","included","astc","present","","512","512","measured","165443","tracked","VRAM Compressed","s3tc_bptc;etc2_astc","true","etc2_astc:s3tc_bptc;etc2_astc","ETC2_ASTC","false","disabled","0","","","unknown","No literal production display maximum was statically discoverable.","keep-current-native-viewport-bounded","SOURCE_WITHIN_NATIVE_VIEWPORT"
"assets/content/fight/enemies/werewolves/werewolves-attack-02.png","included","included","astc","present","","512","512","measured","122245","tracked","VRAM Compressed","s3tc_bptc;etc2_astc","true","etc2_astc:s3tc_bptc;etc2_astc","ETC2_ASTC","false","disabled","0","","","unknown","No literal production display maximum was statically discoverable.","keep-current-native-viewport-bounded","SOURCE_WITHIN_NATIVE_VIEWPORT"
"assets/content/fight/enemies/werewolves/werewolves-attack-03.png","included","included","astc","present","","512","512","measured","140113","tracked","VRAM Compressed","s3tc_bptc;etc2_astc","true","etc2_astc:s3tc_bptc;etc2_astc","ETC2_ASTC","false","disabled","0","","","unknown","No literal production display maximum was statically discoverable.","keep-current-native-viewport-bounded","SOURCE_WITHIN_NATIVE_VIEWPORT"
"assets/content/fight/enemies/werewolves/werewolves-attack-04.png","included","included","astc","present","","512","512","measured","112618","tracked","VRAM Compressed","s3tc_bptc;etc2_astc","true","etc2_astc:s3tc_bptc;etc2_astc","ETC2_ASTC","false","disabled","0","","","unknown","No literal production display maximum was statically discoverable.","keep-current-native-viewport-bounded","SOURCE_WITHIN_NATIVE_VIEWPORT"
"assets/content/fight/enemies/werewolves/werewolves-defeated.png","included","included","astc","present","","512","512","measured","101363","tracked","VRAM Compressed","s3tc_bptc;etc2_astc","true","etc2_astc:s3tc_bptc;etc2_astc","ETC2_ASTC","false","disabled","0","","","unknown","No literal production display maximum was statically discoverable.","keep-current-native-viewport-bounded","SOURCE_WITHIN_NATIVE_VIEWPORT"
"assets/content/fight/enemies/werewolves/werewolves-dizzy.png","included","included","astc","present","","512","512","measured","115086","tracked","VRAM Compressed","s3tc_bptc;etc2_astc","true","etc2_astc:s3tc_bptc;etc2_astc","ETC2_ASTC","false","disabled","0","","","unknown","No literal production display maximum was statically discoverable.","keep-current-native-viewport-bounded","SOURCE_WITHIN_NATIVE_VIEWPORT"
"assets/content/fight/enemies/werewolves/werewolves-hit.png","included","included","astc","present","","512","512","measured","118830","tracked","VRAM Compressed","s3tc_bptc;etc2_astc","true","etc2_astc:s3tc_bptc;etc2_astc","ETC2_ASTC","false","disabled","0","","","unknown","No literal production display maximum was statically discoverable.","keep-current-native-viewport-bounded","SOURCE_WITHIN_NATIVE_VIEWPORT"
"assets/content/fight/enemies/werewolves/werewolves-idle.png","included","included","astc","present","","512","512","measured","126656","tracked","VRAM Compressed","s3tc_bptc;etc2_astc","true","etc2_astc:s3tc_bptc;etc2_astc","ETC2_ASTC","false","disabled","0","213.6","213.6","partial-static","docs/activity-database.json art via ActionArtUi.ACTION_ART_SIZE","keep-current-native-viewport-bounded","SOURCE_WITHIN_NATIVE_VIEWPORT"
"assets/content/fight/enemies/werewolves/werewolves-move-01.png","included","included","astc","present","","512","512","measured","126656","tracked","VRAM Compressed","s3tc_bptc;etc2_astc","true","etc2_astc:s3tc_bptc;etc2_astc","ETC2_ASTC","false","disabled","0","","","unknown","No literal production display maximum was statically discoverable.","keep-current-native-viewport-bounded","SOURCE_WITHIN_NATIVE_VIEWPORT"
"assets/content/fight/enemies/werewolves/werewolves-move-02.png","included","included","astc","present","","512","512","measured","134273","tracked","VRAM Compressed","s3tc_bptc;etc2_astc","true","etc2_astc:s3tc_bptc;etc2_astc","ETC2_ASTC","false","disabled","0","","","unknown","No literal production display maximum was statically discoverable.","keep-current-native-viewport-bounded","SOURCE_WITHIN_NATIVE_VIEWPORT"
"assets/content/fight/enemies/werewolves/werewolves-move-03.png","included","included","astc","present","","512","512","measured","148070","tracked","VRAM Compressed","s3tc_bptc;etc2_astc","true","etc2_astc:s3tc_bptc;etc2_astc","ETC2_ASTC","false","disabled","0","","","unknown","No literal production display maximum was statically discoverable.","keep-current-native-viewport-bounded","SOURCE_WITHIN_NATIVE_VIEWPORT"
"assets/content/fight/enemies/werewolves/werewolves-move-04.png","included","included","astc","present","","512","512","measured","126081","tracked","VRAM Compressed","s3tc_bptc;etc2_astc","true","etc2_astc:s3tc_bptc;etc2_astc","ETC2_ASTC","false","disabled","0","","","unknown","No literal production display maximum was statically discoverable.","keep-current-native-viewport-bounded","SOURCE_WITHIN_NATIVE_VIEWPORT"
"assets/content/fight/enemies/werewolves/werewolves-states-source.png","included","included","default","present","","2172","724","measured","951447","tracked","Lossless","default","false","Lossless","LOSSLESS","false","disabled","0","1080","1080","reviewed-static","Reviewed fixed-cell production atlas; each authored frame fits the native viewport.","keep-reviewed-authored-atlas","REVIEWED_AUTHORED_ATLAS"
"assets/content/fight/enemies/werewolves/werewolves-transform-01.png","included","included","astc","present","","512","512","measured","126640","tracked","VRAM Compressed","s3tc_bptc;etc2_astc","true","etc2_astc:s3tc_bptc;etc2_astc","ETC2_ASTC","false","disabled","0","","","unknown","No literal production display maximum was statically discoverable.","keep-current-native-viewport-bounded","SOURCE_WITHIN_NATIVE_VIEWPORT"
"assets/content/fight/enemies/werewolves/werewolves-transform-02.png","included","included","astc","present","","512","512","measured","123054","tracked","VRAM Compressed","s3tc_bptc;etc2_astc","true","etc2_astc:s3tc_bptc;etc2_astc","ETC2_ASTC","false","disabled","0","","","unknown","No literal production display maximum was statically discoverable.","keep-current-native-viewport-bounded","SOURCE_WITHIN_NATIVE_VIEWPORT"
"assets/content/fight/enemies/werewolves/werewolves-transform-03.png","included","included","astc","present","","512","512","measured","131991","tracked","VRAM Compressed","s3tc_bptc;etc2_astc","true","etc2_astc:s3tc_bptc;etc2_astc","ETC2_ASTC","false","disabled","0","","","unknown","No literal production display maximum was statically discoverable.","keep-current-native-viewport-bounded","SOURCE_WITHIN_NATIVE_VIEWPORT"
"assets/content/fight/enemies/werewolves/werewolves-transform-04.png","included","included","astc","present","","512","512","measured","125048","tracked","VRAM Compressed","s3tc_bptc;etc2_astc","true","etc2_astc:s3tc_bptc;etc2_astc","ETC2_ASTC","false","disabled","0","","","unknown","No literal production display maximum was statically discoverable.","keep-current-native-viewport-bounded","SOURCE_WITHIN_NATIVE_VIEWPORT"
"assets/content/fight/enemies/werewolves/werewolves-transform-05.png","included","included","astc","present","","512","512","measured","126656","tracked","VRAM Compressed","s3tc_bptc;etc2_astc","true","etc2_astc:s3tc_bptc;etc2_astc","ETC2_ASTC","false","disabled","0","","","unknown","No literal production display maximum was statically discoverable.","keep-current-native-viewport-bounded","SOURCE_WITHIN_NATIVE_VIEWPORT"
"assets/content/fight/prototype/arena-floor.png","included","included","astc","present","","1672","941","measured","2413639","tracked","VRAM Compressed","s3tc_bptc;etc2_astc","true","etc2_astc:s3tc_bptc;etc2_astc","ETC2_ASTC","true","enabled","1080","","","unknown","No literal production display maximum was statically discoverable.","downsample-at-import","GODOT_SIZE_LIMIT"
"assets/content/fight/prototype/blue-guy-guard.png","included","included","default","present","","123","159","measured","20174","tracked","Lossless","default","false","Lossless","LOSSLESS","true","enabled","0","","","unknown","No literal production display maximum was statically discoverable.","keep-current-native-viewport-bounded","SOURCE_WITHIN_NATIVE_VIEWPORT"
"assets/content/fight/prototype/blue-guy-ko-01.png","included","included","astc","present","","640","640","measured","29253","tracked","VRAM Compressed","s3tc_bptc;etc2_astc","true","etc2_astc:s3tc_bptc;etc2_astc","ETC2_ASTC","false","disabled","0","","","unknown","No literal production display maximum was statically discoverable.","keep-current-native-viewport-bounded","SOURCE_WITHIN_NATIVE_VIEWPORT"
"assets/content/fight/prototype/blue-guy-ko-02.png","included","included","astc","present","","640","640","measured","28616","tracked","VRAM Compressed","s3tc_bptc;etc2_astc","true","etc2_astc:s3tc_bptc;etc2_astc","ETC2_ASTC","false","disabled","0","","","unknown","No literal production display maximum was statically discoverable.","keep-current-native-viewport-bounded","SOURCE_WITHIN_NATIVE_VIEWPORT"
"assets/content/fight/prototype/blue-guy-ko-03.png","included","included","astc","present","","640","640","measured","28283","tracked","VRAM Compressed","s3tc_bptc;etc2_astc","true","etc2_astc:s3tc_bptc;etc2_astc","ETC2_ASTC","false","disabled","0","","","unknown","No literal production display maximum was statically discoverable.","keep-current-native-viewport-bounded","SOURCE_WITHIN_NATIVE_VIEWPORT"
"assets/content/fight/prototype/blue-guy-ko-04.png","included","included","astc","present","","640","640","measured","25749","tracked","VRAM Compressed","s3tc_bptc;etc2_astc","true","etc2_astc:s3tc_bptc;etc2_astc","ETC2_ASTC","false","disabled","0","","","unknown","No literal production display maximum was statically discoverable.","keep-current-native-viewport-bounded","SOURCE_WITHIN_NATIVE_VIEWPORT"
"assets/content/fight/prototype/blue-guy-ko-05.png","included","included","astc","present","","640","640","measured","24747","tracked","VRAM Compressed","s3tc_bptc;etc2_astc","true","etc2_astc:s3tc_bptc;etc2_astc","ETC2_ASTC","false","disabled","0","","","unknown","No literal production display maximum was statically discoverable.","keep-current-native-viewport-bounded","SOURCE_WITHIN_NATIVE_VIEWPORT"
"assets/content/fight/prototype/blue-guy-ko-06.png","included","included","astc","present","","640","640","measured","19151","tracked","VRAM Compressed","s3tc_bptc;etc2_astc","true","etc2_astc:s3tc_bptc;etc2_astc","ETC2_ASTC","false","disabled","0","","","unknown","No literal production display maximum was statically discoverable.","keep-current-native-viewport-bounded","SOURCE_WITHIN_NATIVE_VIEWPORT"
"assets/content/fight/prototype/blue-guy-ko.png","included","included","default","present","","424","224","measured","16790","tracked","Lossless","default","false","Lossless","LOSSLESS","true","enabled","0","","","unknown","No literal production display maximum was statically discoverable.","keep-current-native-viewport-bounded","SOURCE_WITHIN_NATIVE_VIEWPORT"
"assets/content/fight/prototype/blue-guy-punch.png","included","included","default","present","","175","179","measured","20758","tracked","Lossless","default","false","Lossless","LOSSLESS","true","enabled","0","","","unknown","No literal production display maximum was statically discoverable.","keep-current-native-viewport-bounded","SOURCE_WITHIN_NATIVE_VIEWPORT"
"assets/content/fight/prototype/blue-guy-uppercut.png","included","included","astc","present","","1210","1300","measured","1629092","tracked","VRAM Compressed","s3tc_bptc;etc2_astc","true","etc2_astc:s3tc_bptc;etc2_astc","ETC2_ASTC","true","enabled","1080","","","unknown","No literal production display maximum was statically discoverable.","downsample-at-import","GODOT_SIZE_LIMIT"
"assets/content/fight/prototype/chicken-attack-01.png","included","included","astc","present","","512","512","measured","39711","tracked","VRAM Compressed","s3tc_bptc;etc2_astc","true","etc2_astc:s3tc_bptc;etc2_astc","ETC2_ASTC","false","disabled","0","","","unknown","No literal production display maximum was statically discoverable.","keep-current-native-viewport-bounded","SOURCE_WITHIN_NATIVE_VIEWPORT"
"assets/content/fight/prototype/chicken-attack-02.png","included","included","astc","present","","512","512","measured","48870","tracked","VRAM Compressed","s3tc_bptc;etc2_astc","true","etc2_astc:s3tc_bptc;etc2_astc","ETC2_ASTC","false","disabled","0","","","unknown","No literal production display maximum was statically discoverable.","keep-current-native-viewport-bounded","SOURCE_WITHIN_NATIVE_VIEWPORT"
"assets/content/fight/prototype/chicken-attack-03.png","included","included","astc","present","","512","512","measured","57231","tracked","VRAM Compressed","s3tc_bptc;etc2_astc","true","etc2_astc:s3tc_bptc;etc2_astc","ETC2_ASTC","false","disabled","0","","","unknown","No literal production display maximum was statically discoverable.","keep-current-native-viewport-bounded","SOURCE_WITHIN_NATIVE_VIEWPORT"
"assets/content/fight/prototype/chicken-attack-04.png","included","included","astc","present","","512","512","measured","39719","tracked","VRAM Compressed","s3tc_bptc;etc2_astc","true","etc2_astc:s3tc_bptc;etc2_astc","ETC2_ASTC","false","disabled","0","","","unknown","No literal production display maximum was statically discoverable.","keep-current-native-viewport-bounded","SOURCE_WITHIN_NATIVE_VIEWPORT"
"assets/content/fight/prototype/chicken-black-attack-01.png","included","included","astc","present","","512","512","measured","30613","tracked","VRAM Compressed","s3tc_bptc;etc2_astc","true","etc2_astc:s3tc_bptc;etc2_astc","ETC2_ASTC","false","disabled","0","","","unknown","No literal production display maximum was statically discoverable.","keep-current-native-viewport-bounded","SOURCE_WITHIN_NATIVE_VIEWPORT"
"assets/content/fight/prototype/chicken-black-attack-02.png","included","included","astc","present","","512","512","measured","36525","tracked","VRAM Compressed","s3tc_bptc;etc2_astc","true","etc2_astc:s3tc_bptc;etc2_astc","ETC2_ASTC","false","disabled","0","","","unknown","No literal production display maximum was statically discoverable.","keep-current-native-viewport-bounded","SOURCE_WITHIN_NATIVE_VIEWPORT"
"assets/content/fight/prototype/chicken-black-attack-03.png","included","included","astc","present","","512","512","measured","42511","tracked","VRAM Compressed","s3tc_bptc;etc2_astc","true","etc2_astc:s3tc_bptc;etc2_astc","ETC2_ASTC","false","disabled","0","","","unknown","No literal production display maximum was statically discoverable.","keep-current-native-viewport-bounded","SOURCE_WITHIN_NATIVE_VIEWPORT"
"assets/content/fight/prototype/chicken-black-attack-04.png","included","included","astc","present","","512","512","measured","30338","tracked","VRAM Compressed","s3tc_bptc;etc2_astc","true","etc2_astc:s3tc_bptc;etc2_astc","ETC2_ASTC","false","disabled","0","","","unknown","No literal production display maximum was statically discoverable.","keep-current-native-viewport-bounded","SOURCE_WITHIN_NATIVE_VIEWPORT"
"assets/content/fight/prototype/chicken-black-defeated.png","included","included","astc","present","","512","512","measured","54964","tracked","VRAM Compressed","s3tc_bptc;etc2_astc","true","etc2_astc:s3tc_bptc;etc2_astc","ETC2_ASTC","true","enabled","0","","","unknown","No literal production display maximum was statically discoverable.","keep-current-native-viewport-bounded","SOURCE_WITHIN_NATIVE_VIEWPORT"
"assets/content/fight/prototype/chicken-black-dizzy.png","included","included","astc","present","","512","512","measured","30965","tracked","VRAM Compressed","s3tc_bptc;etc2_astc","true","etc2_astc:s3tc_bptc;etc2_astc","ETC2_ASTC","true","enabled","0","","","unknown","No literal production display maximum was statically discoverable.","keep-current-native-viewport-bounded","SOURCE_WITHIN_NATIVE_VIEWPORT"
"assets/content/fight/prototype/chicken-black-hit.png","included","included","astc","present","","512","512","measured","29362","tracked","VRAM Compressed","s3tc_bptc;etc2_astc","true","etc2_astc:s3tc_bptc;etc2_astc","ETC2_ASTC","true","enabled","0","","","unknown","No literal production display maximum was statically discoverable.","keep-current-native-viewport-bounded","SOURCE_WITHIN_NATIVE_VIEWPORT"
"assets/content/fight/prototype/chicken-black-idle.png","included","included","astc","present","","512","512","measured","31899","tracked","VRAM Compressed","s3tc_bptc;etc2_astc","true","etc2_astc:s3tc_bptc;etc2_astc","ETC2_ASTC","true","enabled","0","","","unknown","No literal production display maximum was statically discoverable.","keep-current-native-viewport-bounded","SOURCE_WITHIN_NATIVE_VIEWPORT"
"assets/content/fight/prototype/chicken-black-move-01.png","included","included","astc","present","","512","512","measured","31899","tracked","VRAM Compressed","s3tc_bptc;etc2_astc","true","etc2_astc:s3tc_bptc;etc2_astc","ETC2_ASTC","false","disabled","0","","","unknown","No literal production display maximum was statically discoverable.","keep-current-native-viewport-bounded","SOURCE_WITHIN_NATIVE_VIEWPORT"
"assets/content/fight/prototype/chicken-black-move-02.png","included","included","astc","present","","512","512","measured","32300","tracked","VRAM Compressed","s3tc_bptc;etc2_astc","true","etc2_astc:s3tc_bptc;etc2_astc","ETC2_ASTC","false","disabled","0","","","unknown","No literal production display maximum was statically discoverable.","keep-current-native-viewport-bounded","SOURCE_WITHIN_NATIVE_VIEWPORT"
"assets/content/fight/prototype/chicken-black-move-03.png","included","included","astc","present","","512","512","measured","33933","tracked","VRAM Compressed","s3tc_bptc;etc2_astc","true","etc2_astc:s3tc_bptc;etc2_astc","ETC2_ASTC","false","disabled","0","","","unknown","No literal production display maximum was statically discoverable.","keep-current-native-viewport-bounded","SOURCE_WITHIN_NATIVE_VIEWPORT"
"assets/content/fight/prototype/chicken-black-move-04.png","included","included","astc","present","","512","512","measured","31323","tracked","VRAM Compressed","s3tc_bptc;etc2_astc","true","etc2_astc:s3tc_bptc;etc2_astc","ETC2_ASTC","false","disabled","0","","","unknown","No literal production display maximum was statically discoverable.","keep-current-native-viewport-bounded","SOURCE_WITHIN_NATIVE_VIEWPORT"
"assets/content/fight/prototype/chicken-black-windup-v2.png","included","included","astc","present","","512","512","measured","33733","tracked","VRAM Compressed","s3tc_bptc;etc2_astc","true","etc2_astc:s3tc_bptc;etc2_astc","ETC2_ASTC","false","disabled","0","","","unknown","No literal production display maximum was statically discoverable.","keep-current-native-viewport-bounded","SOURCE_WITHIN_NATIVE_VIEWPORT"
"assets/content/fight/prototype/chicken-cover-clean.png","included","included","astc","present","","512","512","measured","51328","tracked","VRAM Compressed","s3tc_bptc;etc2_astc","true","etc2_astc:s3tc_bptc;etc2_astc","ETC2_ASTC","true","enabled","0","","","unknown","No literal production display maximum was statically discoverable.","keep-current-native-viewport-bounded","SOURCE_WITHIN_NATIVE_VIEWPORT"
"assets/content/fight/prototype/chicken-defeated.png","included","included","astc","present","","512","512","measured","78266","tracked","VRAM Compressed","s3tc_bptc;etc2_astc","true","etc2_astc:s3tc_bptc;etc2_astc","ETC2_ASTC","true","enabled","0","","","unknown","No literal production display maximum was statically discoverable.","keep-current-native-viewport-bounded","SOURCE_WITHIN_NATIVE_VIEWPORT"
"assets/content/fight/prototype/chicken-dizzy.png","included","included","astc","present","","512","512","measured","40566","tracked","VRAM Compressed","s3tc_bptc;etc2_astc","true","etc2_astc:s3tc_bptc;etc2_astc","ETC2_ASTC","true","enabled","0","","","unknown","No literal production display maximum was statically discoverable.","keep-current-native-viewport-bounded","SOURCE_WITHIN_NATIVE_VIEWPORT"
"assets/content/fight/prototype/chicken-gray-attack-01.png","included","included","astc","present","","512","512","measured","33364","tracked","VRAM Compressed","s3tc_bptc;etc2_astc","true","etc2_astc:s3tc_bptc;etc2_astc","ETC2_ASTC","false","disabled","0","","","unknown","No literal production display maximum was statically discoverable.","keep-current-native-viewport-bounded","SOURCE_WITHIN_NATIVE_VIEWPORT"
"assets/content/fight/prototype/chicken-gray-attack-02.png","included","included","astc","present","","512","512","measured","40590","tracked","VRAM Compressed","s3tc_bptc;etc2_astc","true","etc2_astc:s3tc_bptc;etc2_astc","ETC2_ASTC","false","disabled","0","","","unknown","No literal production display maximum was statically discoverable.","keep-current-native-viewport-bounded","SOURCE_WITHIN_NATIVE_VIEWPORT"
"assets/content/fight/prototype/chicken-gray-attack-03.png","included","included","astc","present","","512","512","measured","47309","tracked","VRAM Compressed","s3tc_bptc;etc2_astc","true","etc2_astc:s3tc_bptc;etc2_astc","ETC2_ASTC","false","disabled","0","","","unknown","No literal production display maximum was statically discoverable.","keep-current-native-viewport-bounded","SOURCE_WITHIN_NATIVE_VIEWPORT"
"assets/content/fight/prototype/chicken-gray-attack-04.png","included","included","astc","present","","512","512","measured","33575","tracked","VRAM Compressed","s3tc_bptc;etc2_astc","true","etc2_astc:s3tc_bptc;etc2_astc","ETC2_ASTC","false","disabled","0","","","unknown","No literal production display maximum was statically discoverable.","keep-current-native-viewport-bounded","SOURCE_WITHIN_NATIVE_VIEWPORT"
"assets/content/fight/prototype/chicken-gray-defeated.png","included","included","astc","present","","512","512","measured","60725","tracked","VRAM Compressed","s3tc_bptc;etc2_astc","true","etc2_astc:s3tc_bptc;etc2_astc","ETC2_ASTC","true","enabled","0","","","unknown","No literal production display maximum was statically discoverable.","keep-current-native-viewport-bounded","SOURCE_WITHIN_NATIVE_VIEWPORT"
"assets/content/fight/prototype/chicken-gray-dizzy.png","included","included","astc","present","","512","512","measured","34960","tracked","VRAM Compressed","s3tc_bptc;etc2_astc","true","etc2_astc:s3tc_bptc;etc2_astc","ETC2_ASTC","true","enabled","0","","","unknown","No literal production display maximum was statically discoverable.","keep-current-native-viewport-bounded","SOURCE_WITHIN_NATIVE_VIEWPORT"
"assets/content/fight/prototype/chicken-gray-hit.png","included","included","astc","present","","512","512","measured","32228","tracked","VRAM Compressed","s3tc_bptc;etc2_astc","true","etc2_astc:s3tc_bptc;etc2_astc","ETC2_ASTC","true","enabled","0","","","unknown","No literal production display maximum was statically discoverable.","keep-current-native-viewport-bounded","SOURCE_WITHIN_NATIVE_VIEWPORT"
"assets/content/fight/prototype/chicken-gray-idle.png","included","included","astc","present","","512","512","measured","37988","tracked","VRAM Compressed","s3tc_bptc;etc2_astc","true","etc2_astc:s3tc_bptc;etc2_astc","ETC2_ASTC","true","enabled","0","","","unknown","No literal production display maximum was statically discoverable.","keep-current-native-viewport-bounded","SOURCE_WITHIN_NATIVE_VIEWPORT"
"assets/content/fight/prototype/chicken-gray-move-01.png","included","included","astc","present","","512","512","measured","37988","tracked","VRAM Compressed","s3tc_bptc;etc2_astc","true","etc2_astc:s3tc_bptc;etc2_astc","ETC2_ASTC","false","disabled","0","","","unknown","No literal production display maximum was statically discoverable.","keep-current-native-viewport-bounded","SOURCE_WITHIN_NATIVE_VIEWPORT"
"assets/content/fight/prototype/chicken-gray-move-02.png","included","included","astc","present","","512","512","measured","38497","tracked","VRAM Compressed","s3tc_bptc;etc2_astc","true","etc2_astc:s3tc_bptc;etc2_astc","ETC2_ASTC","false","disabled","0","","","unknown","No literal production display maximum was statically discoverable.","keep-current-native-viewport-bounded","SOURCE_WITHIN_NATIVE_VIEWPORT"
"assets/content/fight/prototype/chicken-gray-move-03.png","included","included","astc","present","","512","512","measured","38792","tracked","VRAM Compressed","s3tc_bptc;etc2_astc","true","etc2_astc:s3tc_bptc;etc2_astc","ETC2_ASTC","false","disabled","0","","","unknown","No literal production display maximum was statically discoverable.","keep-current-native-viewport-bounded","SOURCE_WITHIN_NATIVE_VIEWPORT"
"assets/content/fight/prototype/chicken-gray-move-04.png","included","included","astc","present","","512","512","measured","37097","tracked","VRAM Compressed","s3tc_bptc;etc2_astc","true","etc2_astc:s3tc_bptc;etc2_astc","ETC2_ASTC","false","disabled","0","","","unknown","No literal production display maximum was statically discoverable.","keep-current-native-viewport-bounded","SOURCE_WITHIN_NATIVE_VIEWPORT"
"assets/content/fight/prototype/chicken-gray-windup-v2.png","included","included","astc","present","","512","512","measured","39759","tracked","VRAM Compressed","s3tc_bptc;etc2_astc","true","etc2_astc:s3tc_bptc;etc2_astc","ETC2_ASTC","false","disabled","0","","","unknown","No literal production display maximum was statically discoverable.","keep-current-native-viewport-bounded","SOURCE_WITHIN_NATIVE_VIEWPORT"
"assets/content/fight/prototype/chicken-hit.png","included","included","astc","present","","512","512","measured","38115","tracked","VRAM Compressed","s3tc_bptc;etc2_astc","true","etc2_astc:s3tc_bptc;etc2_astc","ETC2_ASTC","true","enabled","0","","","unknown","No literal production display maximum was statically discoverable.","keep-current-native-viewport-bounded","SOURCE_WITHIN_NATIVE_VIEWPORT"
"assets/content/fight/prototype/chicken-idle.png","included","included","astc","present","","512","512","measured","44061","tracked","VRAM Compressed","s3tc_bptc;etc2_astc","true","etc2_astc:s3tc_bptc;etc2_astc","ETC2_ASTC","true","enabled","0","","","unknown","No literal production display maximum was statically discoverable.","keep-current-native-viewport-bounded","SOURCE_WITHIN_NATIVE_VIEWPORT"
"assets/content/fight/prototype/chicken-white-move-01.png","included","included","astc","present","","512","512","measured","44061","tracked","VRAM Compressed","s3tc_bptc;etc2_astc","true","etc2_astc:s3tc_bptc;etc2_astc","ETC2_ASTC","false","disabled","0","","","unknown","No literal production display maximum was statically discoverable.","keep-current-native-viewport-bounded","SOURCE_WITHIN_NATIVE_VIEWPORT"
"assets/content/fight/prototype/chicken-white-move-02.png","included","included","astc","present","","512","512","measured","43650","tracked","VRAM Compressed","s3tc_bptc;etc2_astc","true","etc2_astc:s3tc_bptc;etc2_astc","ETC2_ASTC","false","disabled","0","","","unknown","No literal production display maximum was statically discoverable.","keep-current-native-viewport-bounded","SOURCE_WITHIN_NATIVE_VIEWPORT"
"assets/content/fight/prototype/chicken-white-move-03.png","included","included","astc","present","","512","512","measured","44919","tracked","VRAM Compressed","s3tc_bptc;etc2_astc","true","etc2_astc:s3tc_bptc;etc2_astc","ETC2_ASTC","false","disabled","0","","","unknown","No literal production display maximum was statically discoverable.","keep-current-native-viewport-bounded","SOURCE_WITHIN_NATIVE_VIEWPORT"
"assets/content/fight/prototype/chicken-white-move-04.png","included","included","astc","present","","512","512","measured","42519","tracked","VRAM Compressed","s3tc_bptc;etc2_astc","true","etc2_astc:s3tc_bptc;etc2_astc","ETC2_ASTC","false","disabled","0","","","unknown","No literal production display maximum was statically discoverable.","keep-current-native-viewport-bounded","SOURCE_WITHIN_NATIVE_VIEWPORT"
"assets/content/fight/prototype/chicken-windup-v2.png","included","included","astc","present","","512","512","measured","45006","tracked","VRAM Compressed","s3tc_bptc;etc2_astc","true","etc2_astc:s3tc_bptc;etc2_astc","ETC2_ASTC","false","disabled","0","","","unknown","No literal production display maximum was statically discoverable.","keep-current-native-viewport-bounded","SOURCE_WITHIN_NATIVE_VIEWPORT"
"assets/content/fight/prototype/cooked-chicken-drop.png","included","included","astc","present","","1254","1254","measured","2051097","tracked","VRAM Compressed","s3tc_bptc;etc2_astc","true","etc2_astc:s3tc_bptc;etc2_astc","ETC2_ASTC","true","enabled","1080","","","unknown","No literal production display maximum was statically discoverable.","downsample-at-import","GODOT_SIZE_LIMIT"
"assets/content/fight/terrain/cave-trolls-cave-floor.png","included","included","astc","present","","1672","941","measured","2064604","tracked","VRAM Compressed","s3tc_bptc;etc2_astc","true","etc2_astc:s3tc_bptc;etc2_astc","ETC2_ASTC","false","disabled","1080","","","unknown","No literal production display maximum was statically discoverable.","downsample-at-import","GODOT_SIZE_LIMIT"
"assets/content/fight/terrain/giants-mountain-stone.png","included","included","astc","present","","1672","941","measured","2383107","tracked","VRAM Compressed","s3tc_bptc;etc2_astc","true","etc2_astc:s3tc_bptc;etc2_astc","ETC2_ASTC","false","disabled","1080","","","unknown","No literal production display maximum was statically discoverable.","downsample-at-import","GODOT_SIZE_LIMIT"
"assets/content/fight/terrain/vampires-carpeted-hall.png","included","included","astc","present","","1672","941","measured","1629612","tracked","VRAM Compressed","s3tc_bptc;etc2_astc","true","etc2_astc:s3tc_bptc;etc2_astc","ETC2_ASTC","false","disabled","1080","","","unknown","No literal production display maximum was statically discoverable.","downsample-at-import","GODOT_SIZE_LIMIT"
"assets/content/fight/terrain/werewolves-moonlit-grass.png","included","included","astc","present","","1672","941","measured","2195345","tracked","VRAM Compressed","s3tc_bptc;etc2_astc","true","etc2_astc:s3tc_bptc;etc2_astc","ETC2_ASTC","false","disabled","1080","","","unknown","No literal production display maximum was statically discoverable.","downsample-at-import","GODOT_SIZE_LIMIT"
"assets/content/fishing/actions/01-scoop-pond-minnows.png","included","included","default","present","","256","256","measured","59226","tracked","Lossless","default","false","Lossless","LOSSLESS","true","enabled","0","","","unknown","No literal production display maximum was statically discoverable.","keep-current-native-viewport-bounded","SOURCE_WITHIN_NATIVE_VIEWPORT"
"assets/content/fishing/actions/02-dangle-string-from-dock.png","included","included","default","present","","256","256","measured","34248","tracked","Lossless","default","false","Lossless","LOSSLESS","true","enabled","0","","","unknown","No literal production display maximum was statically discoverable.","keep-current-native-viewport-bounded","SOURCE_WITHIN_NATIVE_VIEWPORT"
"assets/content/fishing/actions/03-cast-bamboo-rod.png","included","included","default","present","","256","256","measured","29820","tracked","Lossless","default","false","Lossless","LOSSLESS","true","enabled","0","","","unknown","No literal production display maximum was statically discoverable.","keep-current-native-viewport-bounded","SOURCE_WITHIN_NATIVE_VIEWPORT"
"assets/content/fishing/actions/04-drag-net-through-creek.png","included","included","default","present","","256","256","measured","58880","tracked","Lossless","default","false","Lossless","LOSSLESS","true","enabled","0","","","unknown","No literal production display maximum was statically discoverable.","keep-current-native-viewport-bounded","SOURCE_WITHIN_NATIVE_VIEWPORT"
"assets/content/fishing/actions/05-set-tiny-crab-pot.png","included","included","default","present","","256","256","measured","47814","tracked","Lossless","default","false","Lossless","LOSSLESS","true","enabled","0","","","unknown","No literal production display maximum was statically discoverable.","keep-current-native-viewport-bounded","SOURCE_WITHIN_NATIVE_VIEWPORT"
"assets/content/fishing/actions/06-fly-fish-at-river-bend.png","included","included","default","present","","256","256","measured","57138","tracked","Lossless","default","false","Lossless","LOSSLESS","true","enabled","0","","","unknown","No literal production display maximum was statically discoverable.","keep-current-native-viewport-bounded","SOURCE_WITHIN_NATIVE_VIEWPORT"
"assets/content/fishing/actions/07-hand-grab-muddy-catfish.png","included","included","default","present","","256","256","measured","49303","tracked","Lossless","default","false","Lossless","LOSSLESS","true","enabled","0","","","unknown","No literal production display maximum was statically discoverable.","keep-current-native-viewport-bounded","SOURCE_WITHIN_NATIVE_VIEWPORT"
"assets/content/fishing/actions/08-ice-fish-through-nervous-hole.png","included","included","default","present","","256","256","measured","44513","tracked","Lossless","default","false","Lossless","LOSSLESS","true","enabled","0","","","unknown","No literal production display maximum was statically discoverable.","keep-current-native-viewport-bounded","SOURCE_WITHIN_NATIVE_VIEWPORT"
"assets/content/fishing/actions/09-spear-fish-in-shallows.png","included","included","default","present","","256","256","measured","54597","tracked","Lossless","default","false","Lossless","LOSSLESS","true","enabled","0","","","unknown","No literal production display maximum was statically discoverable.","keep-current-native-viewport-bounded","SOURCE_WITHIN_NATIVE_VIEWPORT"
"assets/content/fishing/actions/10-cast-from-rowboat.png","included","included","default","present","","256","256","measured","45722","tracked","Lossless","default","false","Lossless","LOSSLESS","true","enabled","0","","","unknown","No literal production display maximum was statically discoverable.","keep-current-native-viewport-bounded","SOURCE_WITHIN_NATIVE_VIEWPORT"
"assets/content/fishing/actions/11-drop-lobster-cage.png","included","included","default","present","","256","256","measured","54690","tracked","Lossless","default","false","Lossless","LOSSLESS","true","enabled","0","","","unknown","No literal production display maximum was statically discoverable.","keep-current-native-viewport-bounded","SOURCE_WITHIN_NATIVE_VIEWPORT"
"assets/content/fishing/actions/12-trawl-from-tiny-boat.png","included","included","default","present","","256","256","measured","44031","tracked","Lossless","default","false","Lossless","LOSSLESS","true","enabled","0","213.6","213.6","partial-static","docs/activity-database.json art via ActionArtUi.ACTION_ART_SIZE","keep-current-native-viewport-bounded","SOURCE_WITHIN_NATIVE_VIEWPORT"
"assets/content/fishing/actions/13-night-fish-with-lantern.png","included","included","default","present","","256","256","measured","65871","tracked","Lossless","default","false","Lossless","LOSSLESS","true","enabled","0","","","unknown","No literal production display maximum was statically discoverable.","keep-current-native-viewport-bounded","SOURCE_WITHIN_NATIVE_VIEWPORT"
"assets/content/fishing/actions/14-harpoon-suspicious-ripple.png","included","included","default","present","","256","256","measured","46609","tracked","Lossless","default","false","Lossless","LOSSLESS","true","enabled","0","","","unknown","No literal production display maximum was statically discoverable.","keep-current-native-viewport-bounded","SOURCE_WITHIN_NATIVE_VIEWPORT"
"assets/content/fishing/actions/15-use-sonar-in-the-farm-pond.png","included","included","default","present","","256","256","measured","55995","tracked","Lossless","default","false","Lossless","LOSSLESS","true","enabled","0","","","unknown","No literal production display maximum was statically discoverable.","keep-current-native-viewport-bounded","SOURCE_WITHIN_NATIVE_VIEWPORT"
"assets/content/fishing/actions/16-chum-open-water.png","included","included","default","present","","256","256","measured","55556","tracked","Lossless","default","false","Lossless","LOSSLESS","true","enabled","0","","","unknown","No literal production display maximum was statically discoverable.","keep-current-native-viewport-bounded","SOURCE_WITHIN_NATIVE_VIEWPORT"
"assets/content/fishing/actions/17-cast-storm-kite-line.png","included","included","default","present","","256","256","measured","44828","tracked","Lossless","default","false","Lossless","LOSSLESS","true","enabled","0","","","unknown","No literal production display maximum was statically discoverable.","keep-current-native-viewport-bounded","SOURCE_WITHIN_NATIVE_VIEWPORT"
"assets/content/fishing/actions/18-dive-for-pearl-oysters.png","included","included","default","present","","256","256","measured","57347","tracked","Lossless","default","false","Lossless","LOSSLESS","true","enabled","0","","","unknown","No literal production display maximum was statically discoverable.","keep-current-native-viewport-bounded","SOURCE_WITHIN_NATIVE_VIEWPORT"
"assets/content/fishing/actions/19-fish-with-magnetic-hook.png","included","included","default","present","","256","256","measured","50704","tracked","Lossless","default","false","Lossless","LOSSLESS","true","enabled","0","213.6","213.6","partial-static","docs/activity-database.json art via ActionArtUi.ACTION_ART_SIZE","keep-current-native-viewport-bounded","SOURCE_WITHIN_NATIVE_VIEWPORT"
"assets/content/fishing/actions/20-bait-a-tiny-leviathan.png","included","included","default","present","","256","256","measured","47609","tracked","Lossless","default","false","Lossless","LOSSLESS","true","enabled","0","","","unknown","No literal production display maximum was statically discoverable.","keep-current-native-viewport-bounded","SOURCE_WITHIN_NATIVE_VIEWPORT"
"assets/content/fishing/actions/21-open-deep-sea-mailbox-trap.png","included","included","default","present","","256","256","measured","61871","tracked","Lossless","default","false","Lossless","LOSSLESS","true","enabled","0","","","unknown","No literal production display maximum was statically discoverable.","keep-current-native-viewport-bounded","SOURCE_WITHIN_NATIVE_VIEWPORT"
"assets/content/fishing/actions/22-angle-in-cosmic-dream-sea.png","included","included","default","present","","256","256","measured","70623","tracked","Lossless","default","false","Lossless","LOSSLESS","true","enabled","0","","","unknown","No literal production display maximum was statically discoverable.","keep-current-native-viewport-bounded","SOURCE_WITHIN_NATIVE_VIEWPORT"
"assets/content/fishing/actions/23-net-the-reflection-of-a-fish.png","included","included","default","present","","256","256","measured","60459","tracked","Lossless","default","false","Lossless","LOSSLESS","true","enabled","0","","","unknown","No literal production display maximum was statically discoverable.","keep-current-native-viewport-bounded","SOURCE_WITHIN_NATIVE_VIEWPORT"
"assets/content/fishing/actions/24-negotiate-with-the-ocean-s-manager.png","included","included","default","present","","256","256","measured","56942","tracked","Lossless","default","false","Lossless","LOSSLESS","true","enabled","0","","","unknown","No literal production display maximum was statically discoverable.","keep-current-native-viewport-bounded","SOURCE_WITHIN_NATIVE_VIEWPORT"
"assets/content/fishing/actions/25-catch-the-fishing-mechanic-itself.png","included","included","default","present","","256","256","measured","63777","tracked","Lossless","default","false","Lossless","LOSSLESS","true","enabled","0","","","unknown","No literal production display maximum was statically discoverable.","keep-current-native-viewport-bounded","SOURCE_WITHIN_NATIVE_VIEWPORT"
"assets/content/fishing/backgrounds/00-tide-pool-shallows.png","included","included","astc","present","","1672","941","measured","2049346","tracked","VRAM Compressed","s3tc_bptc;etc2_astc","true","etc2_astc:s3tc_bptc;etc2_astc","ETC2_ASTC","true","enabled","1024","","","unknown","No literal production display maximum was statically discoverable.","downsample-at-import","GODOT_SIZE_LIMIT"
"assets/content/fishing/backgrounds/01-early.png","included","included","astc","present","","768","344","measured","434843","tracked","VRAM Compressed","s3tc_bptc;etc2_astc","true","etc2_astc:s3tc_bptc;etc2_astc","ETC2_ASTC","true","enabled","1024","","","unknown","No literal production display maximum was statically discoverable.","keep-current-native-viewport-bounded","SOURCE_WITHIN_NATIVE_VIEWPORT"
"assets/content/fishing/backgrounds/01-pond-dock.png","included","included","astc","present","","1672","941","measured","2067084","tracked","VRAM Compressed","s3tc_bptc;etc2_astc","true","etc2_astc:s3tc_bptc;etc2_astc","ETC2_ASTC","true","enabled","1024","","","unknown","No literal production display maximum was statically discoverable.","downsample-at-import","GODOT_SIZE_LIMIT"
"assets/content/fishing/backgrounds/02-rising.png","included","included","astc","present","","768","344","measured","753262","tracked","VRAM Compressed","s3tc_bptc;etc2_astc","true","etc2_astc:s3tc_bptc;etc2_astc","ETC2_ASTC","true","enabled","1024","","","unknown","No literal production display maximum was statically discoverable.","keep-current-native-viewport-bounded","SOURCE_WITHIN_NATIVE_VIEWPORT"
"assets/content/fishing/backgrounds/02-river-bend.png","included","included","astc","present","","1672","941","measured","2320726","tracked","VRAM Compressed","s3tc_bptc;etc2_astc","true","etc2_astc:s3tc_bptc;etc2_astc","ETC2_ASTC","true","enabled","1024","","","unknown","No literal production display maximum was statically discoverable.","downsample-at-import","GODOT_SIZE_LIMIT"
"assets/content/fishing/backgrounds/03-crab-pier.png","included","included","astc","present","","1672","941","measured","2049346","tracked","VRAM Compressed","s3tc_bptc;etc2_astc","true","etc2_astc:s3tc_bptc;etc2_astc","ETC2_ASTC","true","enabled","1024","","","unknown","No literal production display maximum was statically discoverable.","downsample-at-import","GODOT_SIZE_LIMIT"
"assets/content/fishing/backgrounds/03-mid.png","included","included","astc","present","","768","344","measured","451204","tracked","VRAM Compressed","s3tc_bptc;etc2_astc","true","etc2_astc:s3tc_bptc;etc2_astc","ETC2_ASTC","true","enabled","1024","","","unknown","No literal production display maximum was statically discoverable.","keep-current-native-viewport-bounded","SOURCE_WITHIN_NATIVE_VIEWPORT"
"assets/content/fishing/backgrounds/04-frozen-lake.png","included","included","astc","present","","1672","941","measured","2078009","tracked","VRAM Compressed","s3tc_bptc;etc2_astc","true","etc2_astc:s3tc_bptc;etc2_astc","ETC2_ASTC","true","enabled","1024","","","unknown","No literal production display maximum was statically discoverable.","downsample-at-import","GODOT_SIZE_LIMIT"
"assets/content/fishing/backgrounds/04-late.png","included","included","astc","present","","768","344","measured","647622","tracked","VRAM Compressed","s3tc_bptc;etc2_astc","true","etc2_astc:s3tc_bptc;etc2_astc","ETC2_ASTC","true","enabled","1024","","","unknown","No literal production display maximum was statically discoverable.","keep-current-native-viewport-bounded","SOURCE_WITHIN_NATIVE_VIEWPORT"
"assets/content/fishing/backgrounds/05-coral-reef-shallows.png","included","included","astc","present","","1672","941","measured","1898926","tracked","VRAM Compressed","s3tc_bptc;etc2_astc","true","etc2_astc:s3tc_bptc;etc2_astc","ETC2_ASTC","true","enabled","1024","","","unknown","No literal production display maximum was statically discoverable.","downsample-at-import","GODOT_SIZE_LIMIT"
"assets/content/fishing/backgrounds/05-finale.png","included","included","astc","present","","768","344","measured","473188","tracked","VRAM Compressed","s3tc_bptc;etc2_astc","true","etc2_astc:s3tc_bptc;etc2_astc","ETC2_ASTC","true","enabled","1024","","","unknown","No literal production display maximum was statically discoverable.","keep-current-native-viewport-bounded","SOURCE_WITHIN_NATIVE_VIEWPORT"
"assets/content/fishing/backgrounds/06-shark-open-water.png","included","included","default","present","","384","341","measured","251244","tracked","Lossless","default","false","Lossless","LOSSLESS","true","enabled","1024","","","unknown","No literal production display maximum was statically discoverable.","keep-current-native-viewport-bounded","SOURCE_WITHIN_NATIVE_VIEWPORT"
"assets/content/fishing/backgrounds/07-rowboat-offshore.png","included","included","astc","present","","1672","941","measured","1782201","tracked","VRAM Compressed","s3tc_bptc;etc2_astc","true","etc2_astc:s3tc_bptc;etc2_astc","ETC2_ASTC","true","enabled","1024","","","unknown","No literal production display maximum was statically discoverable.","downsample-at-import","GODOT_SIZE_LIMIT"
"assets/content/fishing/backgrounds/08-trawler-deck.png","included","included","default","present","","384","341","measured","329789","tracked","Lossless","default","false","Lossless","LOSSLESS","true","enabled","1024","","","unknown","No literal production display maximum was statically discoverable.","keep-current-native-viewport-bounded","SOURCE_WITHIN_NATIVE_VIEWPORT"
"assets/content/fishing/backgrounds/09-deep-sea-abyss.png","included","included","astc","present","","1672","941","measured","1658376","tracked","VRAM Compressed","s3tc_bptc;etc2_astc","true","etc2_astc:s3tc_bptc;etc2_astc","ETC2_ASTC","true","enabled","1024","","","unknown","No literal production display maximum was statically discoverable.","downsample-at-import","GODOT_SIZE_LIMIT"
"assets/content/fishing/backgrounds/10-storm-ocean.png","included","included","astc","present","","1672","941","measured","2012875","tracked","VRAM Compressed","s3tc_bptc;etc2_astc","true","etc2_astc:s3tc_bptc;etc2_astc","ETC2_ASTC","true","enabled","1024","","","unknown","No literal production display maximum was statically discoverable.","downsample-at-import","GODOT_SIZE_LIMIT"
"assets/content/fishing/backgrounds/11-cosmic-dream-sea.png","included","included","astc","present","","1672","941","measured","2075507","tracked","VRAM Compressed","s3tc_bptc;etc2_astc","true","etc2_astc:s3tc_bptc;etc2_astc","ETC2_ASTC","true","enabled","1024","","","unknown","No literal production display maximum was statically discoverable.","downsample-at-import","GODOT_SIZE_LIMIT"
"assets/content/fishing/backgrounds/beach-rocky-zoom.png","included","included","astc","present","","1672","941","measured","2049346","tracked","VRAM Compressed","s3tc_bptc;etc2_astc","true","etc2_astc:s3tc_bptc;etc2_astc","ETC2_ASTC","true","enabled","1024","","","unknown","No literal production display maximum was statically discoverable.","downsample-at-import","GODOT_SIZE_LIMIT"
"assets/content/fishing/backgrounds/sewer-drain-cover.png","included","included","default","present","","263","198","measured","123397","tracked","Lossless","default","false","Lossless","LOSSLESS","true","enabled","1024","","","unknown","No literal production display maximum was statically discoverable.","keep-current-native-viewport-bounded","SOURCE_WITHIN_NATIVE_VIEWPORT"
"assets/content/fishing/backgrounds/sewer-pipe-outlet.png","included","included","astc","present","","1672","941","measured","1935801","tracked","VRAM Compressed","s3tc_bptc;etc2_astc","true","etc2_astc:s3tc_bptc;etc2_astc","ETC2_ASTC","true","enabled","1024","","","unknown","No literal production display maximum was statically discoverable.","downsample-at-import","GODOT_SIZE_LIMIT"
"assets/content/fishing/catch-icons/00-minnow-cutout.png","included","included","default","present","","256","256","measured","28744","tracked","Lossless","default","false","Lossless","LOSSLESS","false","disabled","0","","","unknown","No literal production display maximum was statically discoverable.","keep-current-native-viewport-bounded","SOURCE_WITHIN_NATIVE_VIEWPORT"
"assets/content/fishing/catch-icons/01-clam-cutout.png","included","included","default","present","","256","256","measured","47074","tracked","Lossless","default","false","Lossless","LOSSLESS","false","disabled","0","","","unknown","No literal production display maximum was statically discoverable.","keep-current-native-viewport-bounded","SOURCE_WITHIN_NATIVE_VIEWPORT"
"assets/content/fishing/catch-icons/02-crab-cutout.png","included","included","default","present","","256","256","measured","56230","tracked","Lossless","default","false","Lossless","LOSSLESS","false","disabled","0","","","unknown","No literal production display maximum was statically discoverable.","keep-current-native-viewport-bounded","SOURCE_WITHIN_NATIVE_VIEWPORT"
"assets/content/fishing/catch-icons/03-trout-cutout.png","included","included","default","present","","256","256","measured","47353","tracked","Lossless","default","false","Lossless","LOSSLESS","false","disabled","0","","","unknown","No literal production display maximum was statically discoverable.","keep-current-native-viewport-bounded","SOURCE_WITHIN_NATIVE_VIEWPORT"
"assets/content/fishing/catch-icons/04-bass-cutout.png","included","included","default","present","","256","256","measured","52938","tracked","Lossless","default","false","Lossless","LOSSLESS","false","disabled","0","","","unknown","No literal production display maximum was statically discoverable.","keep-current-native-viewport-bounded","SOURCE_WITHIN_NATIVE_VIEWPORT"
"assets/content/fishing/catch-icons/05-salmon-cutout.png","included","included","default","present","","256","256","measured","42940","tracked","Lossless","default","false","Lossless","LOSSLESS","false","disabled","0","","","unknown","No literal production display maximum was statically discoverable.","keep-current-native-viewport-bounded","SOURCE_WITHIN_NATIVE_VIEWPORT"
"assets/content/fishing/catch-icons/06-eel-cutout.png","included","included","default","present","","256","256","measured","42304","tracked","Lossless","default","false","Lossless","LOSSLESS","false","disabled","0","","","unknown","No literal production display maximum was statically discoverable.","keep-current-native-viewport-bounded","SOURCE_WITHIN_NATIVE_VIEWPORT"
"assets/content/fishing/catch-icons/07-lobster-cutout.png","included","included","default","present","","256","256","measured","62232","tracked","Lossless","default","false","Lossless","LOSSLESS","false","disabled","0","","","unknown","No literal production display maximum was statically discoverable.","keep-current-native-viewport-bounded","SOURCE_WITHIN_NATIVE_VIEWPORT"
"assets/content/fishing/catch-icons/08-snowfish-cutout.png","included","included","default","present","","256","256","measured","50876","tracked","Lossless","default","false","Lossless","LOSSLESS","false","disabled","0","","","unknown","No literal production display maximum was statically discoverable.","keep-current-native-viewport-bounded","SOURCE_WITHIN_NATIVE_VIEWPORT"
"assets/content/fishing/catch-icons/09-pearl-oyster-cutout.png","included","included","default","present","","256","256","measured","62381","tracked","Lossless","default","false","Lossless","LOSSLESS","false","disabled","0","","","unknown","No literal production display maximum was statically discoverable.","keep-current-native-viewport-bounded","SOURCE_WITHIN_NATIVE_VIEWPORT"
"assets/content/fishing/catch-icons/10-reef-fish-cutout.png","included","included","default","present","","256","256","measured","53625","tracked","Lossless","default","false","Lossless","LOSSLESS","false","disabled","0","","","unknown","No literal production display maximum was statically discoverable.","keep-current-native-viewport-bounded","SOURCE_WITHIN_NATIVE_VIEWPORT"
"assets/content/fishing/catch-icons/11-octopus-cutout.png","included","included","default","present","","256","256","measured","72351","tracked","Lossless","default","false","Lossless","LOSSLESS","false","disabled","0","","","unknown","No literal production display maximum was statically discoverable.","keep-current-native-viewport-bounded","SOURCE_WITHIN_NATIVE_VIEWPORT"
"assets/content/fishing/catch-icons/12-tuna-cutout.png","included","included","default","present","","256","256","measured","41129","tracked","Lossless","default","false","Lossless","LOSSLESS","false","disabled","0","","","unknown","No literal production display maximum was statically discoverable.","keep-current-native-viewport-bounded","SOURCE_WITHIN_NATIVE_VIEWPORT"
"assets/content/fishing/catch-icons/13-swordfish-cutout.png","included","included","default","present","","256","256","measured","34879","tracked","Lossless","default","false","Lossless","LOSSLESS","false","disabled","0","","","unknown","No literal production display maximum was statically discoverable.","keep-current-native-viewport-bounded","SOURCE_WITHIN_NATIVE_VIEWPORT"
"assets/content/fishing/catch-icons/14-shark-cutout.png","included","included","default","present","","256","256","measured","49353","tracked","Lossless","default","false","Lossless","LOSSLESS","false","disabled","0","","","unknown","No literal production display maximum was statically discoverable.","keep-current-native-viewport-bounded","SOURCE_WITHIN_NATIVE_VIEWPORT"
"assets/content/fishing/catch-icons/15-lanternfish-cutout.png","included","included","default","present","","256","256","measured","49171","tracked","Lossless","default","false","Lossless","LOSSLESS","false","disabled","0","","","unknown","No literal production display maximum was statically discoverable.","keep-current-native-viewport-bounded","SOURCE_WITHIN_NATIVE_VIEWPORT"
"assets/content/fishing/catch-icons/16-abyss-anglerfish-cutout.png","included","included","default","present","","256","256","measured","65087","tracked","Lossless","default","false","Lossless","LOSSLESS","false","disabled","0","","","unknown","No literal production display maximum was statically discoverable.","keep-current-native-viewport-bounded","SOURCE_WITHIN_NATIVE_VIEWPORT"
"assets/content/fishing/catch-icons/17-jellyfish-cutout.png","included","included","default","present","","256","256","measured","45452","tracked","Lossless","default","false","Lossless","LOSSLESS","false","disabled","0","","","unknown","No literal production display maximum was statically discoverable.","keep-current-native-viewport-bounded","SOURCE_WITHIN_NATIVE_VIEWPORT"
"assets/content/fishing/catch-icons/18-lightning-eel-cutout.png","included","included","default","present","","256","256","measured","65479","tracked","Lossless","default","false","Lossless","LOSSLESS","false","disabled","0","","","unknown","No literal production display maximum was statically discoverable.","keep-current-native-viewport-bounded","SOURCE_WITHIN_NATIVE_VIEWPORT"
"assets/content/fishing/catch-icons/19-storm-ray-cutout.png","included","included","default","present","","256","256","measured","58518","tracked","Lossless","default","false","Lossless","LOSSLESS","false","disabled","0","","","unknown","No literal production display maximum was statically discoverable.","keep-current-native-viewport-bounded","SOURCE_WITHIN_NATIVE_VIEWPORT"
"assets/content/fishing/catch-icons/20-golden-koi-cutout.png","included","included","default","present","","256","256","measured","68480","tracked","Lossless","default","false","Lossless","LOSSLESS","false","disabled","0","","","unknown","No literal production display maximum was statically discoverable.","keep-current-native-viewport-bounded","SOURCE_WITHIN_NATIVE_VIEWPORT"
"assets/content/fishing/catch-icons/21-ancient-coelacanth-cutout.png","included","included","default","present","","256","256","measured","43465","tracked","Lossless","default","false","Lossless","LOSSLESS","false","disabled","0","","","unknown","No literal production display maximum was statically discoverable.","keep-current-native-viewport-bounded","SOURCE_WITHIN_NATIVE_VIEWPORT"
"assets/content/fishing/catch-icons/22-tiny-leviathan-trophy-cutout.png","included","included","default","present","","256","256","measured","68759","tracked","Lossless","default","false","Lossless","LOSSLESS","false","disabled","0","","","unknown","No literal production display maximum was statically discoverable.","keep-current-native-viewport-bounded","SOURCE_WITHIN_NATIVE_VIEWPORT"
"assets/content/fishing/catch-icons/23-cosmic-starfish-cutout.png","included","included","default","present","","256","256","measured","74246","tracked","Lossless","default","false","Lossless","LOSSLESS","false","disabled","0","","","unknown","No literal production display maximum was statically discoverable.","keep-current-native-viewport-bounded","SOURCE_WITHIN_NATIVE_VIEWPORT"
"assets/content/fishing/locations/deep-sea-abyss.png","included","included","astc","present","","1254","1254","measured","1595472","tracked","VRAM Compressed","s3tc_bptc;etc2_astc","true","etc2_astc:s3tc_bptc;etc2_astc","ETC2_ASTC","false","disabled","768","213.6","213.6","partial-static","docs/activity-database.json art via ActionArtUi.ACTION_ART_SIZE","downsample-at-import","GODOT_SIZE_LIMIT"
"assets/content/fishing/locations/deep-sea-trench.png","included","included","astc","present","","1254","1254","measured","1941843","tracked","VRAM Compressed","s3tc_bptc;etc2_astc","true","etc2_astc:s3tc_bptc;etc2_astc","ETC2_ASTC","false","disabled","768","213.6","213.6","partial-static","docs/activity-database.json art via ActionArtUi.ACTION_ART_SIZE","downsample-at-import","GODOT_SIZE_LIMIT"
"assets/content/fishing/locations/deep-sea-wreck-drop.png","included","included","astc","present","","1254","1254","measured","1763856","tracked","VRAM Compressed","s3tc_bptc;etc2_astc","true","etc2_astc:s3tc_bptc;etc2_astc","ETC2_ASTC","false","disabled","768","213.6","213.6","partial-static","docs/activity-database.json art via ActionArtUi.ACTION_ART_SIZE","downsample-at-import","GODOT_SIZE_LIMIT"
"assets/content/fishing/locations/fishing-location-thumbnails-sheet.png","included","included","astc","present","","1254","1254","measured","2450225","tracked","VRAM Compressed","s3tc_bptc;etc2_astc","true","etc2_astc:s3tc_bptc;etc2_astc","ETC2_ASTC","false","disabled","768","","","unknown","No literal production display maximum was statically discoverable.","downsample-at-import","GODOT_SIZE_LIMIT"
"assets/content/fishing/locations/location-dock-cup.png","included","included","astc","present","","1254","1254","measured","2240271","tracked","VRAM Compressed","s3tc_bptc;etc2_astc","true","etc2_astc:s3tc_bptc;etc2_astc","ETC2_ASTC","false","disabled","768","213.6","213.6","partial-static","docs/activity-database.json art via ActionArtUi.ACTION_ART_SIZE","downsample-at-import","GODOT_SIZE_LIMIT"
"assets/content/fishing/locations/location-piling-line.png","included","included","astc","present","","1254","1254","measured","2156992","tracked","VRAM Compressed","s3tc_bptc;etc2_astc","true","etc2_astc:s3tc_bptc;etc2_astc","ETC2_ASTC","false","disabled","768","213.6","213.6","partial-static","docs/activity-database.json art via ActionArtUi.ACTION_ART_SIZE","downsample-at-import","GODOT_SIZE_LIMIT"
"assets/content/fishing/locations/location-rocky-ledge.png","included","included","astc","present","","1254","1254","measured","2461492","tracked","VRAM Compressed","s3tc_bptc;etc2_astc","true","etc2_astc:s3tc_bptc;etc2_astc","ETC2_ASTC","false","disabled","768","213.6","213.6","partial-static","docs/activity-database.json art via ActionArtUi.ACTION_ART_SIZE","downsample-at-import","GODOT_SIZE_LIMIT"
"assets/content/fishing/locations/location-shallows.png","included","included","astc","present","","1254","1254","measured","2555078","tracked","VRAM Compressed","s3tc_bptc;etc2_astc","true","etc2_astc:s3tc_bptc;etc2_astc","ETC2_ASTC","false","disabled","768","213.6","213.6","partial-static","docs/activity-database.json art via ActionArtUi.ACTION_ART_SIZE","downsample-at-import","GODOT_SIZE_LIMIT"
"assets/content/fishing/locations/reef-cage.png","included","included","astc","present","","1254","1254","measured","2536981","tracked","VRAM Compressed","s3tc_bptc;etc2_astc","true","etc2_astc:s3tc_bptc;etc2_astc","ETC2_ASTC","false","disabled","768","213.6","213.6","partial-static","docs/activity-database.json art via ActionArtUi.ACTION_ART_SIZE","downsample-at-import","GODOT_SIZE_LIMIT"
"assets/content/fishing/locations/reef-night-reef.png","included","included","astc","present","","1254","1254","measured","1921419","tracked","VRAM Compressed","s3tc_bptc;etc2_astc","true","etc2_astc:s3tc_bptc;etc2_astc","ETC2_ASTC","false","disabled","768","213.6","213.6","partial-static","docs/activity-database.json art via ActionArtUi.ACTION_ART_SIZE","downsample-at-import","GODOT_SIZE_LIMIT"
"assets/content/fishing/locations/reef-pearl-bed.png","included","included","astc","present","","1254","1254","measured","2470085","tracked","VRAM Compressed","s3tc_bptc;etc2_astc","true","etc2_astc:s3tc_bptc;etc2_astc","ETC2_ASTC","false","disabled","768","213.6","213.6","partial-static","docs/activity-database.json art via ActionArtUi.ACTION_ART_SIZE","downsample-at-import","GODOT_SIZE_LIMIT"
"assets/content/fishing/locations/reef-pot.png","included","included","astc","present","","1254","1254","measured","2422919","tracked","VRAM Compressed","s3tc_bptc;etc2_astc","true","etc2_astc:s3tc_bptc;etc2_astc","ETC2_ASTC","false","disabled","768","213.6","213.6","partial-static","docs/activity-database.json art via ActionArtUi.ACTION_ART_SIZE","downsample-at-import","GODOT_SIZE_LIMIT"
"assets/content/fishing/locations/river-bend.png","included","included","astc","present","","1254","1254","measured","2453214","tracked","VRAM Compressed","s3tc_bptc;etc2_astc","true","etc2_astc:s3tc_bptc;etc2_astc","ETC2_ASTC","false","disabled","768","213.6","213.6","partial-static","docs/activity-database.json art via ActionArtUi.ACTION_ART_SIZE","downsample-at-import","GODOT_SIZE_LIMIT"
"assets/content/fishing/locations/river-rapids.png","included","included","astc","present","","1254","1254","measured","2314951","tracked","VRAM Compressed","s3tc_bptc;etc2_astc","true","etc2_astc:s3tc_bptc;etc2_astc","ETC2_ASTC","false","disabled","768","213.6","213.6","partial-static","docs/activity-database.json art via ActionArtUi.ACTION_ART_SIZE","downsample-at-import","GODOT_SIZE_LIMIT"
"assets/content/fishing/locations/sea-chum-line.png","included","included","astc","present","","1254","1254","measured","2037644","tracked","VRAM Compressed","s3tc_bptc;etc2_astc","true","etc2_astc:s3tc_bptc;etc2_astc","ETC2_ASTC","false","disabled","768","213.6","213.6","partial-static","docs/activity-database.json art via ActionArtUi.ACTION_ART_SIZE","downsample-at-import","GODOT_SIZE_LIMIT"
"assets/content/fishing/locations/sea-open-water.png","included","included","astc","present","","1254","1254","measured","1893981","tracked","VRAM Compressed","s3tc_bptc;etc2_astc","true","etc2_astc:s3tc_bptc;etc2_astc","ETC2_ASTC","false","disabled","768","213.6","213.6","partial-static","docs/activity-database.json art via ActionArtUi.ACTION_ART_SIZE","downsample-at-import","GODOT_SIZE_LIMIT"
"assets/content/fishing/locations/sea-rowboat.png","included","included","astc","present","","1254","1254","measured","2049933","tracked","VRAM Compressed","s3tc_bptc;etc2_astc","true","etc2_astc:s3tc_bptc;etc2_astc","ETC2_ASTC","false","disabled","768","213.6","213.6","partial-static","docs/activity-database.json art via ActionArtUi.ACTION_ART_SIZE","downsample-at-import","GODOT_SIZE_LIMIT"
"assets/content/fishing/locations/sewers-drain-gate.png","included","included","astc","present","","1254","1254","measured","1977391","tracked","VRAM Compressed","s3tc_bptc;etc2_astc","true","etc2_astc:s3tc_bptc;etc2_astc","ETC2_ASTC","false","disabled","768","213.6","213.6","partial-static","docs/activity-database.json art via ActionArtUi.ACTION_ART_SIZE","downsample-at-import","GODOT_SIZE_LIMIT"
"assets/content/fishing/locations/sewers-tunnel-pool.png","included","included","astc","present","","1254","1254","measured","1883276","tracked","VRAM Compressed","s3tc_bptc;etc2_astc","true","etc2_astc:s3tc_bptc;etc2_astc","ETC2_ASTC","false","disabled","768","213.6","213.6","partial-static","docs/activity-database.json art via ActionArtUi.ACTION_ART_SIZE","downsample-at-import","GODOT_SIZE_LIMIT"
"assets/content/fishing/locations/space-reflection.png","included","included","astc","present","","1254","1254","measured","2575727","tracked","VRAM Compressed","s3tc_bptc;etc2_astc","true","etc2_astc:s3tc_bptc;etc2_astc","ETC2_ASTC","false","disabled","768","213.6","213.6","partial-static","docs/activity-database.json art via ActionArtUi.ACTION_ART_SIZE","downsample-at-import","GODOT_SIZE_LIMIT"
"assets/content/fishing/locations/space-starlight.png","included","included","astc","present","","1254","1254","measured","2314434","tracked","VRAM Compressed","s3tc_bptc;etc2_astc","true","etc2_astc:s3tc_bptc;etc2_astc","ETC2_ASTC","false","disabled","768","213.6","213.6","partial-static","docs/activity-database.json art via ActionArtUi.ACTION_ART_SIZE","downsample-at-import","GODOT_SIZE_LIMIT"
"assets/content/fishing/locations/stormy-sea-ripple.png","included","included","astc","present","","1254","1254","measured","2041074","tracked","VRAM Compressed","s3tc_bptc;etc2_astc","true","etc2_astc:s3tc_bptc;etc2_astc","ETC2_ASTC","false","disabled","768","213.6","213.6","partial-static","docs/activity-database.json art via ActionArtUi.ACTION_ART_SIZE","downsample-at-import","GODOT_SIZE_LIMIT"
"assets/content/fishing/locations/stormy-sea-storm-line.png","included","included","astc","present","","1254","1254","measured","2289591","tracked","VRAM Compressed","s3tc_bptc;etc2_astc","true","etc2_astc:s3tc_bptc;etc2_astc","ETC2_ASTC","false","disabled","768","213.6","213.6","partial-static","docs/activity-database.json art via ActionArtUi.ACTION_ART_SIZE","downsample-at-import","GODOT_SIZE_LIMIT"
"assets/content/fishing/locations/winter-lake-ice-hole.png","included","included","astc","present","","1254","1254","measured","2174411","tracked","VRAM Compressed","s3tc_bptc;etc2_astc","true","etc2_astc:s3tc_bptc;etc2_astc","ETC2_ASTC","false","disabled","768","213.6","213.6","partial-static","docs/activity-database.json art via ActionArtUi.ACTION_ART_SIZE","downsample-at-import","GODOT_SIZE_LIMIT"
"assets/content/fishing/tools/fishing-tool-icons-sheet.png","included","included","astc","present","","1254","1254","measured","1581450","tracked","VRAM Compressed","s3tc_bptc;etc2_astc","true","etc2_astc:s3tc_bptc;etc2_astc","ETC2_ASTC","false","disabled","768","","","unknown","No literal production display maximum was statically discoverable.","downsample-at-import","GODOT_SIZE_LIMIT"
"assets/content/fishing/tools/net-player.png","included","included","astc","present","","1155","1017","measured","1282227","tracked","VRAM Compressed","s3tc_bptc;etc2_astc","true","etc2_astc:s3tc_bptc;etc2_astc","ETC2_ASTC","false","disabled","768","258.5","181.5","partial-static","scripts/fishing/ui_surface.gd direct _image Vector2","downsample-at-import","GODOT_SIZE_LIMIT"
"assets/content/fishing/tools/reflection-net.png","included","included","astc","present","","1080","1030","measured","1206631","tracked","VRAM Compressed","s3tc_bptc;etc2_astc","true","etc2_astc:s3tc_bptc;etc2_astc","ETC2_ASTC","false","disabled","768","260","180","partial-static","scripts/fishing/ui_surface.gd direct _image Vector2","downsample-at-import","GODOT_SIZE_LIMIT"
"assets/content/fishing/tools/tool-bamboo-rod.png","included","included","default","present","","310","330","measured","132996","tracked","Lossless","default","false","Lossless","LOSSLESS","false","disabled","768","260","180","partial-static","scripts/fishing/ui_surface.gd direct _image Vector2","keep-current-native-viewport-bounded","SOURCE_WITHIN_NATIVE_VIEWPORT"
"assets/content/fishing/tools/tool-bare-hands.png","included","included","default","present","","286","248","measured","99037","tracked","Lossless","default","false","Lossless","LOSSLESS","false","disabled","768","","","unknown","No literal production display maximum was statically discoverable.","keep-current-native-viewport-bounded","SOURCE_WITHIN_NATIVE_VIEWPORT"
"assets/content/fishing/tools/tool-boat.png","included","included","default","present","","1395","559","measured","555637","tracked","Lossless","default","false","Lossless","LOSSLESS","false","disabled","768","260","180","partial-static","scripts/fishing/ui_surface.gd direct _image Vector2","downsample-at-import","GODOT_SIZE_LIMIT"
"assets/content/hub/hub-barn-tiers.png","included","included","astc","present","","2560","512","measured","902164","tracked","VRAM Compressed","s3tc_bptc;etc2_astc","true","etc2_astc:s3tc_bptc;etc2_astc","ETC2_ASTC","true","enabled","0","1080","1080","reviewed-static","Reviewed fixed-cell production atlas; each authored frame fits the native viewport.","keep-reviewed-authored-atlas","REVIEWED_AUTHORED_ATLAS"
"assets/content/hub/hub-build-cloud-solid-sheet.png","included","included","astc","present","","512","512","measured","5964","tracked","VRAM Compressed","s3tc_bptc;etc2_astc","true","etc2_astc:s3tc_bptc;etc2_astc","ETC2_ASTC","true","enabled","0","","","unknown","No literal production display maximum was statically discoverable.","keep-current-native-viewport-bounded","SOURCE_WITHIN_NATIVE_VIEWPORT"
"assets/content/hub/hub-decor-sheet.png","included","included","astc","present","","1024","1024","measured","730488","tracked","VRAM Compressed","s3tc_bptc;etc2_astc","true","etc2_astc:s3tc_bptc;etc2_astc","ETC2_ASTC","true","enabled","0","","","unknown","No literal production display maximum was statically discoverable.","keep-current-native-viewport-bounded","SOURCE_WITHIN_NATIVE_VIEWPORT"
"assets/content/hub/hub-fish-pond-tiers.png","included","included","astc","present","","2560","512","measured","928622","tracked","VRAM Compressed","s3tc_bptc;etc2_astc","true","etc2_astc:s3tc_bptc;etc2_astc","ETC2_ASTC","true","enabled","0","1080","1080","reviewed-static","Reviewed fixed-cell production atlas; each authored frame fits the native viewport.","keep-reviewed-authored-atlas","REVIEWED_AUTHORED_ATLAS"
"assets/content/hub/hub-garden-tiers.png","included","included","astc","present","","2560","512","measured","1052768","tracked","VRAM Compressed","s3tc_bptc;etc2_astc","true","etc2_astc:s3tc_bptc;etc2_astc","ETC2_ASTC","true","enabled","0","1080","1080","reviewed-static","Reviewed fixed-cell production atlas; each authored frame fits the native viewport.","keep-reviewed-authored-atlas","REVIEWED_AUTHORED_ATLAS"
"assets/content/hub/hub-mission-board-popup.png","included","included","astc","present","","1122","989","measured","1613187","tracked","VRAM Compressed","s3tc_bptc;etc2_astc","true","etc2_astc:s3tc_bptc;etc2_astc","ETC2_ASTC","true","enabled","1080","","","unknown","No literal production display maximum was statically discoverable.","downsample-at-import","GODOT_SIZE_LIMIT"
"assets/content/hub/hub-mission-paper-badge-v3.png","included","included","default","present","","256","256","measured","52798","tracked","Lossless","default","false","Lossless","LOSSLESS","true","enabled","0","","","unknown","No literal production display maximum was statically discoverable.","keep-current-native-viewport-bounded","SOURCE_WITHIN_NATIVE_VIEWPORT"
"assets/content/hub/hub-mission-sign-tiers.png","included","included","astc","present","","2560","512","measured","956113","tracked","VRAM Compressed","s3tc_bptc;etc2_astc","true","etc2_astc:s3tc_bptc;etc2_astc","ETC2_ASTC","true","enabled","0","1080","1080","reviewed-static","Reviewed fixed-cell production atlas; each authored frame fits the native viewport.","keep-reviewed-authored-atlas","REVIEWED_AUTHORED_ATLAS"
"assets/content/hub/hub-nav-barn.png","included","included","astc","present","","512","512","measured","141117","tracked","VRAM Compressed","s3tc_bptc;etc2_astc","true","etc2_astc:s3tc_bptc;etc2_astc","ETC2_ASTC","true","enabled","0","","","unknown","No literal production display maximum was statically discoverable.","keep-current-native-viewport-bounded","SOURCE_WITHIN_NATIVE_VIEWPORT"
"assets/content/hub/hub-tree-sheet.png","included","included","astc","present","","1536","1024","measured","779457","tracked","VRAM Compressed","s3tc_bptc;etc2_astc","true","etc2_astc:s3tc_bptc;etc2_astc","ETC2_ASTC","true","enabled","0","1080","1080","reviewed-static","Reviewed fixed-cell production atlas; each authored frame fits the native viewport.","keep-reviewed-authored-atlas","REVIEWED_AUTHORED_ATLAS"
"assets/content/hub/hub-trophy-platform.png","included","included","astc","present","","1403","1121","measured","475406","tracked","VRAM Compressed","s3tc_bptc;etc2_astc","true","etc2_astc:s3tc_bptc;etc2_astc","ETC2_ASTC","true","enabled","1080","","","unknown","No literal production display maximum was statically discoverable.","downsample-at-import","GODOT_SIZE_LIMIT"
"assets/content/icons/build.png","included","included","default","present","","430","430","measured","259034","tracked","Lossless","default","false","Lossless","LOSSLESS","false","disabled","0","","","unknown","No literal production display maximum was statically discoverable.","keep-current-native-viewport-bounded","SOURCE_WITHIN_NATIVE_VIEWPORT"
"assets/content/icons/fight.png","included","included","default","present","","430","430","measured","230585","tracked","Lossless","default","false","Lossless","LOSSLESS","false","disabled","0","","","unknown","No literal production display maximum was statically discoverable.","keep-current-native-viewport-bounded","SOURCE_WITHIN_NATIVE_VIEWPORT"
"assets/content/icons/fishing.png","included","included","default","present","","430","430","measured","248011","tracked","Lossless","default","false","Lossless","LOSSLESS","false","disabled","0","","","unknown","No literal production display maximum was statically discoverable.","keep-current-native-viewport-bounded","SOURCE_WITHIN_NATIVE_VIEWPORT"
"assets/content/icons/gear.png","included","included","default","present","","430","430","measured","246679","tracked","Lossless","default","false","Lossless","LOSSLESS","false","disabled","0","","","unknown","No literal production display maximum was statically discoverable.","keep-current-native-viewport-bounded","SOURCE_WITHIN_NATIVE_VIEWPORT"
"assets/content/icons/resources/berries.png","included","included","astc","present","","512","512","measured","316185","tracked","VRAM Compressed","s3tc_bptc;etc2_astc","true","etc2_astc:s3tc_bptc;etc2_astc","ETC2_ASTC","false","disabled","0","","","unknown","No literal production display maximum was statically discoverable.","keep-current-native-viewport-bounded","SOURCE_WITHIN_NATIVE_VIEWPORT"
"assets/content/icons/resources/fish-currency-icon.png","included","included","default","present","","504","340","measured","262468","tracked","Lossless","default","false","Lossless","LOSSLESS","false","disabled","0","","","unknown","No literal production display maximum was statically discoverable.","keep-current-native-viewport-bounded","SOURCE_WITHIN_NATIVE_VIEWPORT"
"assets/content/icons/resources/hardwood.png","included","included","astc","present","","1254","1254","measured","1352726","tracked","VRAM Compressed","s3tc_bptc;etc2_astc","true","etc2_astc:s3tc_bptc;etc2_astc","ETC2_ASTC","false","disabled","1080","","","unknown","No literal production display maximum was statically discoverable.","downsample-at-import","GODOT_SIZE_LIMIT"
"assets/content/icons/resources/honey.png","included","included","astc","present","","1254","1254","measured","666292","tracked","VRAM Compressed","s3tc_bptc;etc2_astc","true","etc2_astc:s3tc_bptc;etc2_astc","ETC2_ASTC","false","disabled","1080","","","unknown","No literal production display maximum was statically discoverable.","downsample-at-import","GODOT_SIZE_LIMIT"
"assets/content/icons/resources/log-currency.png","included","included","astc","present","","512","512","measured","86087","tracked","VRAM Compressed","s3tc_bptc;etc2_astc","true","etc2_astc:s3tc_bptc;etc2_astc","ETC2_ASTC","false","disabled","0","","","unknown","No literal production display maximum was statically discoverable.","keep-current-native-viewport-bounded","SOURCE_WITHIN_NATIVE_VIEWPORT"
"assets/content/icons/resources/plank.png","included","included","astc","present","","512","512","measured","112489","tracked","VRAM Compressed","s3tc_bptc;etc2_astc","true","etc2_astc:s3tc_bptc;etc2_astc","ETC2_ASTC","false","disabled","0","","","unknown","No literal production display maximum was statically discoverable.","keep-current-native-viewport-bounded","SOURCE_WITHIN_NATIVE_VIEWPORT"
"assets/content/icons/resources/scrapwood.png","included","included","astc","present","","1254","1254","measured","577290","tracked","VRAM Compressed","s3tc_bptc;etc2_astc","true","etc2_astc:s3tc_bptc;etc2_astc","ETC2_ASTC","false","disabled","1080","","","unknown","No literal production display maximum was statically discoverable.","downsample-at-import","GODOT_SIZE_LIMIT"
"assets/content/icons/resources/softwood.png","included","included","astc","present","","1254","1254","measured","502258","tracked","VRAM Compressed","s3tc_bptc;etc2_astc","true","etc2_astc:s3tc_bptc;etc2_astc","ETC2_ASTC","false","disabled","1080","","","unknown","No literal production display maximum was statically discoverable.","downsample-at-import","GODOT_SIZE_LIMIT"
"assets/content/icons/skill-symbols/build.png","included","included","astc","present","","512","512","measured","162540","tracked","VRAM Compressed","s3tc_bptc;etc2_astc","true","etc2_astc:s3tc_bptc;etc2_astc","ETC2_ASTC","false","disabled","0","","","unknown","No literal production display maximum was statically discoverable.","keep-current-native-viewport-bounded","SOURCE_WITHIN_NATIVE_VIEWPORT"
"assets/content/icons/skill-symbols/fight.png","included","included","astc","present","","512","512","measured","193778","tracked","VRAM Compressed","s3tc_bptc;etc2_astc","true","etc2_astc:s3tc_bptc;etc2_astc","ETC2_ASTC","false","disabled","0","","","unknown","No literal production display maximum was statically discoverable.","keep-current-native-viewport-bounded","SOURCE_WITHIN_NATIVE_VIEWPORT"
"assets/content/icons/skill-symbols/fishing.png","included","included","astc","present","","512","512","measured","161557","tracked","VRAM Compressed","s3tc_bptc;etc2_astc","true","etc2_astc:s3tc_bptc;etc2_astc","ETC2_ASTC","false","disabled","0","","","unknown","No literal production display maximum was statically discoverable.","keep-current-native-viewport-bounded","SOURCE_WITHIN_NATIVE_VIEWPORT"
"assets/content/icons/skill-symbols/thieving.png","included","included","astc","present","","512","512","measured","225502","tracked","VRAM Compressed","s3tc_bptc;etc2_astc","true","etc2_astc:s3tc_bptc;etc2_astc","ETC2_ASTC","false","disabled","0","","","unknown","No literal production display maximum was statically discoverable.","keep-current-native-viewport-bounded","SOURCE_WITHIN_NATIVE_VIEWPORT"
"assets/content/icons/skill-symbols/woodcutting.png","included","included","astc","present","","512","512","measured","113870","tracked","VRAM Compressed","s3tc_bptc;etc2_astc","true","etc2_astc:s3tc_bptc;etc2_astc","ETC2_ASTC","false","disabled","0","","","unknown","No literal production display maximum was statically discoverable.","keep-current-native-viewport-bounded","SOURCE_WITHIN_NATIVE_VIEWPORT"
"assets/content/icons/thieving.png","included","included","default","present","","430","430","measured","257031","tracked","Lossless","default","false","Lossless","LOSSLESS","false","disabled","0","","","unknown","No literal production display maximum was statically discoverable.","keep-current-native-viewport-bounded","SOURCE_WITHIN_NATIVE_VIEWPORT"
"assets/content/icons/upgrades/upgrade-arrow.png","included","included","astc","present","","512","512","measured","91189","tracked","VRAM Compressed","s3tc_bptc;etc2_astc","true","etc2_astc:s3tc_bptc;etc2_astc","ETC2_ASTC","false","disabled","0","","","unknown","No literal production display maximum was statically discoverable.","keep-current-native-viewport-bounded","SOURCE_WITHIN_NATIVE_VIEWPORT"
"assets/content/icons/woodcutting.png","included","included","default","present","","430","430","measured","255561","tracked","Lossless","default","false","Lossless","LOSSLESS","false","disabled","0","","","unknown","No literal production display maximum was statically discoverable.","keep-current-native-viewport-bounded","SOURCE_WITHIN_NATIVE_VIEWPORT"
"assets/content/logo/idle-elite-logo-cutout.png","included","included","astc","present","","1684","414","measured","356612","tracked","VRAM Compressed","s3tc_bptc;etc2_astc","true","etc2_astc:s3tc_bptc;etc2_astc","ETC2_ASTC","false","disabled","1080","842","207","partial-static","scripts/ui/achievement_overlay_surface.gd constant IDLE_ELITE_LOGO_TEXTURE via _image Vector2","downsample-at-import","GODOT_SIZE_LIMIT"
"assets/content/thieving/actions/01-pocket-a-penny-nobody-wanted.png","included","included","default","present","","256","256","measured","28995","tracked","Lossless","default","false","Lossless","LOSSLESS","true","enabled","0","213.6","213.6","partial-static","docs/activity-database.json art via ActionArtUi.ACTION_ART_SIZE","keep-current-native-viewport-bounded","SOURCE_WITHIN_NATIVE_VIEWPORT"
"assets/content/thieving/actions/02-borrow-a-cookie-permanently.png","included","included","default","present","","256","256","measured","38163","tracked","Lossless","default","false","Lossless","LOSSLESS","true","enabled","0","213.6","213.6","partial-static","docs/activity-database.json art via ActionArtUi.ACTION_ART_SIZE","keep-current-native-viewport-bounded","SOURCE_WITHIN_NATIVE_VIEWPORT"
"assets/content/thieving/actions/03-sneak-past-tip-jar-eye-contact.png","included","included","default","present","","256","256","measured","30406","tracked","Lossless","default","false","Lossless","LOSSLESS","true","enabled","0","213.6","213.6","partial-static","docs/activity-database.json art via ActionArtUi.ACTION_ART_SIZE","keep-current-native-viewport-bounded","SOURCE_WITHIN_NATIVE_VIEWPORT"
"assets/content/thieving/actions/04-lift-loose-coins-from-couch-cushions.png","included","included","default","present","","256","256","measured","33972","tracked","Lossless","default","false","Lossless","LOSSLESS","true","enabled","0","213.6","213.6","partial-static","docs/activity-database.json art via ActionArtUi.ACTION_ART_SIZE","keep-current-native-viewport-bounded","SOURCE_WITHIN_NATIVE_VIEWPORT"
"assets/content/thieving/actions/05-distract-fruit-stand-with-jazz-hands.png","included","included","default","present","","256","256","measured","51646","tracked","Lossless","default","false","Lossless","LOSSLESS","true","enabled","0","213.6","213.6","partial-static","docs/activity-database.json art via ActionArtUi.ACTION_ART_SIZE","keep-current-native-viewport-bounded","SOURCE_WITHIN_NATIVE_VIEWPORT"
"assets/content/thieving/actions/06-pick-the-world-s-friendliest-lock.png","included","included","default","present","","256","256","measured","37208","tracked","Lossless","default","false","Lossless","LOSSLESS","true","enabled","0","213.6","213.6","partial-static","docs/activity-database.json art via ActionArtUi.ACTION_ART_SIZE","keep-current-native-viewport-bounded","SOURCE_WITHIN_NATIVE_VIEWPORT"
"assets/content/thieving/actions/07-swap-price-tags-at-the-broom-store.png","included","included","default","present","","256","256","measured","37135","tracked","Lossless","default","false","Lossless","LOSSLESS","true","enabled","0","213.6","213.6","partial-static","docs/activity-database.json art via ActionArtUi.ACTION_ART_SIZE","keep-current-native-viewport-bounded","SOURCE_WITHIN_NATIVE_VIEWPORT"
"assets/content/thieving/actions/08-steal-a-wallet-from-a-mannequin.png","included","included","default","present","","256","256","measured","31223","tracked","Lossless","default","false","Lossless","LOSSLESS","true","enabled","0","213.6","213.6","partial-static","docs/activity-database.json art via ActionArtUi.ACTION_ART_SIZE","keep-current-native-viewport-bounded","SOURCE_WITHIN_NATIVE_VIEWPORT"
"assets/content/thieving/actions/09-rob-the-tiny-bank-desk.png","included","included","default","present","","256","256","measured","34666","tracked","Lossless","default","false","Lossless","LOSSLESS","true","enabled","0","213.6","213.6","partial-static","docs/activity-database.json art via ActionArtUi.ACTION_ART_SIZE","keep-current-native-viewport-bounded","SOURCE_WITHIN_NATIVE_VIEWPORT"
"assets/content/thieving/actions/10-crack-the-breakroom-snack-safe.png","included","included","default","present","","256","256","measured","44756","tracked","Lossless","default","false","Lossless","LOSSLESS","true","enabled","0","","","unknown","No literal production display maximum was statically discoverable.","keep-current-native-viewport-bounded","SOURCE_WITHIN_NATIVE_VIEWPORT"
"assets/content/thieving/actions/11-lift-the-mayor-s-ceremonial-purse.png","included","included","default","present","","256","256","measured","52866","tracked","Lossless","default","false","Lossless","LOSSLESS","true","enabled","0","213.6","213.6","partial-static","docs/activity-database.json art via ActionArtUi.ACTION_ART_SIZE","keep-current-native-viewport-bounded","SOURCE_WITHIN_NATIVE_VIEWPORT"
"assets/content/thieving/actions/12-heist-the-museum-gift-shop.png","included","included","default","present","","256","256","measured","47639","tracked","Lossless","default","false","Lossless","LOSSLESS","true","enabled","0","213.6","213.6","partial-static","docs/activity-database.json art via ActionArtUi.ACTION_ART_SIZE","keep-current-native-viewport-bounded","SOURCE_WITHIN_NATIVE_VIEWPORT"
"assets/content/thieving/actions/13-swipe-the-bank-s-practice-vault.png","included","included","default","present","","256","256","measured","48537","tracked","Lossless","default","false","Lossless","LOSSLESS","true","enabled","0","","","unknown","No literal production display maximum was statically discoverable.","keep-current-native-viewport-bounded","SOURCE_WITHIN_NATIVE_VIEWPORT"
"assets/content/thieving/actions/14-rob-the-bank-during-a-robbery-drill.png","included","included","default","present","","256","256","measured","41223","tracked","Lossless","default","false","Lossless","LOSSLESS","true","enabled","0","213.6","213.6","partial-static","docs/activity-database.json art via ActionArtUi.ACTION_ART_SIZE","keep-current-native-viewport-bounded","SOURCE_WITHIN_NATIVE_VIEWPORT"
"assets/content/thieving/actions/15-empty-the-bank-s-backup-bank.png","included","included","default","present","","256","256","measured","46528","tracked","Lossless","default","false","Lossless","LOSSLESS","true","enabled","0","213.6","213.6","partial-static","docs/activity-database.json art via ActionArtUi.ACTION_ART_SIZE","keep-current-native-viewport-bounded","SOURCE_WITHIN_NATIVE_VIEWPORT"
"assets/content/thieving/actions/16-steal-a-password-from-a-fortune-cookie.png","included","included","default","present","","256","256","measured","33066","tracked","Lossless","default","false","Lossless","LOSSLESS","true","enabled","0","213.6","213.6","partial-static","docs/activity-database.json art via ActionArtUi.ACTION_ART_SIZE","keep-current-native-viewport-bounded","SOURCE_WITHIN_NATIVE_VIEWPORT"
"assets/content/thieving/actions/17-pickpocket-the-security-camera.png","included","included","default","present","","256","256","measured","29713","tracked","Lossless","default","false","Lossless","LOSSLESS","true","enabled","0","213.6","213.6","partial-static","docs/activity-database.json art via ActionArtUi.ACTION_ART_SIZE","keep-current-native-viewport-bounded","SOURCE_WITHIN_NATIVE_VIEWPORT"
"assets/content/thieving/actions/18-hotwire-a-parked-alien-spaceship.png","included","included","default","present","","256","256","measured","39858","tracked","Lossless","default","false","Lossless","LOSSLESS","true","enabled","0","213.6","213.6","partial-static","docs/activity-database.json art via ActionArtUi.ACTION_ART_SIZE","keep-current-native-viewport-bounded","SOURCE_WITHIN_NATIVE_VIEWPORT"
"assets/content/thieving/actions/19-rob-the-alien-spaceship-s-bank.png","included","included","default","present","","256","256","measured","45371","tracked","Lossless","default","false","Lossless","LOSSLESS","true","enabled","0","213.6","213.6","partial-static","docs/activity-database.json art via ActionArtUi.ACTION_ART_SIZE","keep-current-native-viewport-bounded","SOURCE_WITHIN_NATIVE_VIEWPORT"
"assets/content/thieving/actions/20-forge-a-receipt-for-the-moon.png","included","included","default","present","","256","256","measured","44105","tracked","Lossless","default","false","Lossless","LOSSLESS","true","enabled","0","213.6","213.6","partial-static","docs/activity-database.json art via ActionArtUi.ACTION_ART_SIZE","keep-current-native-viewport-bounded","SOURCE_WITHIN_NATIVE_VIEWPORT"
"assets/content/thieving/actions/21-burgle-the-dream-of-a-sleeping-wizard.png","included","included","default","present","","256","256","measured","46126","tracked","Lossless","default","false","Lossless","LOSSLESS","true","enabled","0","213.6","213.6","partial-static","docs/activity-database.json art via ActionArtUi.ACTION_ART_SIZE","keep-current-native-viewport-bounded","SOURCE_WITHIN_NATIVE_VIEWPORT"
"assets/content/thieving/actions/22-shoplift-from-the-concept-of-money.png","included","included","default","present","","256","256","measured","37628","tracked","Lossless","default","false","Lossless","LOSSLESS","true","enabled","0","213.6","213.6","partial-static","docs/activity-database.json art via ActionArtUi.ACTION_ART_SIZE","keep-current-native-viewport-bounded","SOURCE_WITHIN_NATIVE_VIEWPORT"
"assets/content/thieving/actions/23-crack-the-vault-between-dimensions.png","included","included","default","present","","256","256","measured","52938","tracked","Lossless","default","false","Lossless","LOSSLESS","true","enabled","0","213.6","213.6","partial-static","docs/activity-database.json art via ActionArtUi.ACTION_ART_SIZE","keep-current-native-viewport-bounded","SOURCE_WITHIN_NATIVE_VIEWPORT"
"assets/content/thieving/actions/24-pickpocket-an-interdimensional-god.png","included","included","default","present","","256","256","measured","50254","tracked","Lossless","default","false","Lossless","LOSSLESS","true","enabled","0","213.6","213.6","partial-static","docs/activity-database.json art via ActionArtUi.ACTION_ART_SIZE","keep-current-native-viewport-bounded","SOURCE_WITHIN_NATIVE_VIEWPORT"
"assets/content/thieving/actions/25-steal-the-alibi-you-used-to-do-it.png","included","included","default","present","","256","256","measured","32296","tracked","Lossless","default","false","Lossless","LOSSLESS","true","enabled","0","213.6","213.6","partial-static","docs/activity-database.json art via ActionArtUi.ACTION_ART_SIZE","keep-current-native-viewport-bounded","SOURCE_WITHIN_NATIVE_VIEWPORT"
"assets/content/thieving/actions/build-build-a-decoy-vault.png","included","included","default","present","","256","256","measured","43004","tracked","Lossless","default","false","Lossless","LOSSLESS","true","enabled","0","213.6","213.6","partial-static","docs/activity-database.json art via ActionArtUi.ACTION_ART_SIZE","keep-current-native-viewport-bounded","SOURCE_WITHIN_NATIVE_VIEWPORT"
"assets/content/thieving/actions/event-suspicious-picnic-basket.png","included","included","default","present","","256","256","measured","42654","tracked","Lossless","default","false","Lossless","LOSSLESS","true","enabled","0","213.6","213.6","partial-static","docs/activity-database.json art via ActionArtUi.ACTION_ART_SIZE","keep-current-native-viewport-bounded","SOURCE_WITHIN_NATIVE_VIEWPORT"
"assets/content/thieving/actions/thieving-chameleon-camouflage.png","included","included","default","present","","256","256","measured","21336","tracked","Lossless","default","false","Lossless","LOSSLESS","true","enabled","0","213.6","213.6","partial-static","docs/activity-database.json art via ActionArtUi.ACTION_ART_SIZE","keep-current-native-viewport-bounded","SOURCE_WITHIN_NATIVE_VIEWPORT"
"assets/content/thieving/actions/thieving-crack-the-breakroom-snack-safe.png","included","included","default","present","","256","256","measured","42235","tracked","Lossless","default","false","Lossless","LOSSLESS","true","enabled","0","213.6","213.6","partial-static","docs/activity-database.json art via ActionArtUi.ACTION_ART_SIZE","keep-current-native-viewport-bounded","SOURCE_WITHIN_NATIVE_VIEWPORT"
"assets/content/thieving/actions/thieving-swipe-the-banks-practice-vault.png","included","included","default","present","","256","256","measured","48272","tracked","Lossless","default","false","Lossless","LOSSLESS","true","enabled","0","213.6","213.6","partial-static","docs/activity-database.json art via ActionArtUi.ACTION_ART_SIZE","keep-current-native-viewport-bounded","SOURCE_WITHIN_NATIVE_VIEWPORT"
"assets/content/thieving/backgrounds/01-early.png","included","included","astc","present","","768","344","measured","430489","tracked","VRAM Compressed","s3tc_bptc;etc2_astc","true","etc2_astc:s3tc_bptc;etc2_astc","ETC2_ASTC","true","enabled","0","","","unknown","No literal production display maximum was statically discoverable.","keep-current-native-viewport-bounded","SOURCE_WITHIN_NATIVE_VIEWPORT"
"assets/content/thieving/backgrounds/02-rising.png","included","included","astc","present","","768","344","measured","420817","tracked","VRAM Compressed","s3tc_bptc;etc2_astc","true","etc2_astc:s3tc_bptc;etc2_astc","ETC2_ASTC","true","enabled","0","","","unknown","No literal production display maximum was statically discoverable.","keep-current-native-viewport-bounded","SOURCE_WITHIN_NATIVE_VIEWPORT"
"assets/content/thieving/backgrounds/03-mid.png","included","included","astc","present","","768","344","measured","362242","tracked","VRAM Compressed","s3tc_bptc;etc2_astc","true","etc2_astc:s3tc_bptc;etc2_astc","ETC2_ASTC","true","enabled","0","","","unknown","No literal production display maximum was statically discoverable.","keep-current-native-viewport-bounded","SOURCE_WITHIN_NATIVE_VIEWPORT"
"assets/content/thieving/backgrounds/04-late.png","included","included","astc","present","","768","344","measured","426244","tracked","VRAM Compressed","s3tc_bptc;etc2_astc","true","etc2_astc:s3tc_bptc;etc2_astc","ETC2_ASTC","true","enabled","0","","","unknown","No literal production display maximum was statically discoverable.","keep-current-native-viewport-bounded","SOURCE_WITHIN_NATIVE_VIEWPORT"
"assets/content/thieving/backgrounds/05-finale.png","included","included","astc","present","","768","344","measured","462358","tracked","VRAM Compressed","s3tc_bptc;etc2_astc","true","etc2_astc:s3tc_bptc;etc2_astc","ETC2_ASTC","true","enabled","0","","","unknown","No literal production display maximum was statically discoverable.","keep-current-native-viewport-bounded","SOURCE_WITHIN_NATIVE_VIEWPORT"
"assets/content/thieving/heists/thieving-jail-bars-overlay.png","included","included","astc","present","","1870","841","measured","1030763","tracked","VRAM Compressed","s3tc_bptc;etc2_astc","true","etc2_astc:s3tc_bptc;etc2_astc","ETC2_ASTC","false","disabled","1080","","","unknown","No literal production display maximum was statically discoverable.","downsample-at-import","GODOT_SIZE_LIMIT"
"assets/content/thieving/heists/thieving-trophy-heist-backgrounds-1080p.png","included","included","astc","present","","4320","619","measured","6162943","tracked","VRAM Compressed","s3tc_bptc;etc2_astc","true","etc2_astc:s3tc_bptc;etc2_astc","ETC2_ASTC","false","disabled","0","1080","440","reviewed-static","thieving/state.gd 1080 x 619 cells; surface.gd 440-high full-width card","re-authored-reviewed-atlas","REVIEWED_1080_DERIVATIVE"
"assets/content/thieving/trophies/thieving-trophy-sheet.png","included","included","astc","present","","1024","256","measured","86577","tracked","VRAM Compressed","s3tc_bptc;etc2_astc","true","etc2_astc:s3tc_bptc;etc2_astc","ETC2_ASTC","false","disabled","0","","","unknown","No literal production display maximum was statically discoverable.","keep-current-native-viewport-bounded","SOURCE_WITHIN_NATIVE_VIEWPORT"
"assets/content/ui/activity-back-arrow.png","included","included","default","present","","512","184","measured","3104","tracked","Lossless","default","false","Lossless","LOSSLESS","false","disabled","0","","","unknown","No literal production display maximum was statically discoverable.","keep-current-native-viewport-bounded","SOURCE_WITHIN_NATIVE_VIEWPORT"
"assets/content/ui/activity-jump-bottom-circle.png","included","included","astc","present","","529","544","measured","153578","tracked","VRAM Compressed","s3tc_bptc;etc2_astc","true","etc2_astc:s3tc_bptc;etc2_astc","ETC2_ASTC","false","disabled","0","","","unknown","No literal production display maximum was statically discoverable.","keep-current-native-viewport-bounded","SOURCE_WITHIN_NATIVE_VIEWPORT"
"assets/content/ui/activity-jump-top-circle.png","included","included","astc","present","","529","544","measured","152728","tracked","VRAM Compressed","s3tc_bptc;etc2_astc","true","etc2_astc:s3tc_bptc;etc2_astc","ETC2_ASTC","false","disabled","0","","","unknown","No literal production display maximum was statically discoverable.","keep-current-native-viewport-bounded","SOURCE_WITHIN_NATIVE_VIEWPORT"
"assets/content/ui/berry-mode-borders-1080p.png","included","included","astc","present","","1080","1920","measured","1937552","tracked","VRAM Compressed","s3tc_bptc;etc2_astc","true","etc2_astc:s3tc_bptc;etc2_astc","ETC2_ASTC","false","disabled","0","1080","1920","reviewed-static","material_collection_surface.gd full-viewport berry overlay","re-authored-reviewed","REVIEWED_1080_DERIVATIVE"
"assets/content/ui/build-required-wide-plank.png","included","included","astc","present","","1932","549","measured","1612016","tracked","VRAM Compressed","s3tc_bptc;etc2_astc","true","etc2_astc:s3tc_bptc;etc2_astc","ETC2_ASTC","false","disabled","1080","","","unknown","No literal production display maximum was statically discoverable.","downsample-at-import","GODOT_SIZE_LIMIT"
"assets/content/ui/chat-speech-bubble.png","included","included","astc","present","","512","512","measured","94775","tracked","VRAM Compressed","s3tc_bptc;etc2_astc","true","etc2_astc:s3tc_bptc;etc2_astc","ETC2_ASTC","false","disabled","0","106.5","106.5","partial-static","scripts/ui/profile_chat_overlay_surface.gd constant CHAT_STRIP_ICON via _image Vector2","keep-current-native-viewport-bounded","SOURCE_WITHIN_NATIVE_VIEWPORT"
"assets/content/ui/discord-logo-icon.png","included","included","astc","present","","619","640","measured","351210","tracked","VRAM Compressed","s3tc_bptc;etc2_astc","true","etc2_astc:s3tc_bptc;etc2_astc","ETC2_ASTC","false","disabled","0","","","unknown","No literal production display maximum was statically discoverable.","keep-current-native-viewport-bounded","SOURCE_WITHIN_NATIVE_VIEWPORT"
"assets/content/ui/event-hourglass-badge.png","included","included","astc","present","","512","512","measured","93609","tracked","VRAM Compressed","s3tc_bptc;etc2_astc","true","etc2_astc:s3tc_bptc;etc2_astc","ETC2_ASTC","false","disabled","0","","","unknown","No literal production display maximum was statically discoverable.","keep-current-native-viewport-bounded","SOURCE_WITHIN_NATIVE_VIEWPORT"
"assets/content/ui/hero-speech-bubble-down.png","included","included","astc","present","","768","434","measured","181267","tracked","VRAM Compressed","s3tc_bptc;etc2_astc","true","etc2_astc:s3tc_bptc;etc2_astc","ETC2_ASTC","false","disabled","0","","","unknown","No literal production display maximum was statically discoverable.","keep-current-native-viewport-bounded","SOURCE_WITHIN_NATIVE_VIEWPORT"
"assets/content/ui/infochip-icon-rate.png","included","included","astc","present","","512","512","measured","117784","tracked","VRAM Compressed","s3tc_bptc;etc2_astc","true","etc2_astc:s3tc_bptc;etc2_astc","ETC2_ASTC","false","disabled","0","","","unknown","No literal production display maximum was statically discoverable.","keep-current-native-viewport-bounded","SOURCE_WITHIN_NATIVE_VIEWPORT"
"assets/content/ui/infochip-icon-stamina.png","included","included","astc","present","","512","512","measured","83402","tracked","VRAM Compressed","s3tc_bptc;etc2_astc","true","etc2_astc:s3tc_bptc;etc2_astc","ETC2_ASTC","false","disabled","0","","","unknown","No literal production display maximum was statically discoverable.","keep-current-native-viewport-bounded","SOURCE_WITHIN_NATIVE_VIEWPORT"
"assets/content/ui/infochip-icon-time.png","included","included","astc","present","","512","512","measured","88592","tracked","VRAM Compressed","s3tc_bptc;etc2_astc","true","etc2_astc:s3tc_bptc;etc2_astc","ETC2_ASTC","false","disabled","0","","","unknown","No literal production display maximum was statically discoverable.","keep-current-native-viewport-bounded","SOURCE_WITHIN_NATIVE_VIEWPORT"
"assets/content/ui/infochip-icon-xp.png","included","included","astc","present","","512","512","measured","122032","tracked","VRAM Compressed","s3tc_bptc;etc2_astc","true","etc2_astc:s3tc_bptc;etc2_astc","ETC2_ASTC","false","disabled","0","","","unknown","No literal production display maximum was statically discoverable.","keep-current-native-viewport-bounded","SOURCE_WITHIN_NATIVE_VIEWPORT"
"assets/content/ui/infochip-symbol-rate-mono.png","included","included","astc","present","","512","512","measured","12801","tracked","VRAM Compressed","s3tc_bptc;etc2_astc","true","etc2_astc:s3tc_bptc;etc2_astc","ETC2_ASTC","false","disabled","0","","","unknown","No literal production display maximum was statically discoverable.","keep-current-native-viewport-bounded","SOURCE_WITHIN_NATIVE_VIEWPORT"
"assets/content/ui/infochip-symbol-rate-outlined.png","included","included","astc","present","","512","512","measured","26524","tracked","VRAM Compressed","s3tc_bptc;etc2_astc","true","etc2_astc:s3tc_bptc;etc2_astc","ETC2_ASTC","false","disabled","0","","","unknown","No literal production display maximum was statically discoverable.","keep-current-native-viewport-bounded","SOURCE_WITHIN_NATIVE_VIEWPORT"
"assets/content/ui/infochip-symbol-stamina-mono.png","included","included","astc","present","","512","512","measured","9357","tracked","VRAM Compressed","s3tc_bptc;etc2_astc","true","etc2_astc:s3tc_bptc;etc2_astc","ETC2_ASTC","false","disabled","0","","","unknown","No literal production display maximum was statically discoverable.","keep-current-native-viewport-bounded","SOURCE_WITHIN_NATIVE_VIEWPORT"
"assets/content/ui/infochip-symbol-stamina-outlined.png","included","included","astc","present","","512","512","measured","18319","tracked","VRAM Compressed","s3tc_bptc;etc2_astc","true","etc2_astc:s3tc_bptc;etc2_astc","ETC2_ASTC","false","disabled","0","","","unknown","No literal production display maximum was statically discoverable.","keep-current-native-viewport-bounded","SOURCE_WITHIN_NATIVE_VIEWPORT"
"assets/content/ui/infochip-symbol-time-mono.png","included","included","astc","present","","512","512","measured","9043","tracked","VRAM Compressed","s3tc_bptc;etc2_astc","true","etc2_astc:s3tc_bptc;etc2_astc","ETC2_ASTC","false","disabled","0","","","unknown","No literal production display maximum was statically discoverable.","keep-current-native-viewport-bounded","SOURCE_WITHIN_NATIVE_VIEWPORT"
"assets/content/ui/infochip-symbol-time-outlined.png","included","included","astc","present","","512","512","measured","18409","tracked","VRAM Compressed","s3tc_bptc;etc2_astc","true","etc2_astc:s3tc_bptc;etc2_astc","ETC2_ASTC","false","disabled","0","","","unknown","No literal production display maximum was statically discoverable.","keep-current-native-viewport-bounded","SOURCE_WITHIN_NATIVE_VIEWPORT"
"assets/content/ui/infochip-symbol-xp-mono.png","included","included","astc","present","","512","512","measured","9833","tracked","VRAM Compressed","s3tc_bptc;etc2_astc","true","etc2_astc:s3tc_bptc;etc2_astc","ETC2_ASTC","false","disabled","0","","","unknown","No literal production display maximum was statically discoverable.","keep-current-native-viewport-bounded","SOURCE_WITHIN_NATIVE_VIEWPORT"
"assets/content/ui/infochip-symbol-xp-outlined.png","included","included","astc","present","","512","512","measured","24336","tracked","VRAM Compressed","s3tc_bptc;etc2_astc","true","etc2_astc:s3tc_bptc;etc2_astc","ETC2_ASTC","false","disabled","0","","","unknown","No literal production display maximum was statically discoverable.","keep-current-native-viewport-bounded","SOURCE_WITHIN_NATIVE_VIEWPORT"
"assets/content/ui/leaderboard-podium-icon.png","included","included","astc","present","","512","512","measured","148151","tracked","VRAM Compressed","s3tc_bptc;etc2_astc","true","etc2_astc:s3tc_bptc;etc2_astc","ETC2_ASTC","false","disabled","0","","","unknown","No literal production display maximum was statically discoverable.","keep-current-native-viewport-bounded","SOURCE_WITHIN_NATIVE_VIEWPORT"
"assets/content/ui/mastery-medals/mastery-medal-01-bronze.png","included","included","astc","present","","768","768","measured","147271","tracked","VRAM Compressed","s3tc_bptc;etc2_astc","true","etc2_astc:s3tc_bptc;etc2_astc","ETC2_ASTC","false","disabled","0","","","unknown","No literal production display maximum was statically discoverable.","keep-current-native-viewport-bounded","SOURCE_WITHIN_NATIVE_VIEWPORT"
"assets/content/ui/mastery-medals/mastery-medal-02-silver.png","included","included","astc","present","","768","768","measured","140830","tracked","VRAM Compressed","s3tc_bptc;etc2_astc","true","etc2_astc:s3tc_bptc;etc2_astc","ETC2_ASTC","false","disabled","0","","","unknown","No literal production display maximum was statically discoverable.","keep-current-native-viewport-bounded","SOURCE_WITHIN_NATIVE_VIEWPORT"
"assets/content/ui/mastery-medals/mastery-medal-03-gold.png","included","included","astc","present","","768","768","measured","144532","tracked","VRAM Compressed","s3tc_bptc;etc2_astc","true","etc2_astc:s3tc_bptc;etc2_astc","ETC2_ASTC","false","disabled","0","","","unknown","No literal production display maximum was statically discoverable.","keep-current-native-viewport-bounded","SOURCE_WITHIN_NATIVE_VIEWPORT"
"assets/content/ui/mastery-medals/mastery-medal-04-platinum.png","included","included","astc","present","","768","768","measured","139056","tracked","VRAM Compressed","s3tc_bptc;etc2_astc","true","etc2_astc:s3tc_bptc;etc2_astc","ETC2_ASTC","false","disabled","0","","","unknown","No literal production display maximum was statically discoverable.","keep-current-native-viewport-bounded","SOURCE_WITHIN_NATIVE_VIEWPORT"
"assets/content/ui/mastery-medals/mastery-medal-05-sapphire.png","included","included","astc","present","","768","768","measured","114235","tracked","VRAM Compressed","s3tc_bptc;etc2_astc","true","etc2_astc:s3tc_bptc;etc2_astc","ETC2_ASTC","false","disabled","0","","","unknown","No literal production display maximum was statically discoverable.","keep-current-native-viewport-bounded","SOURCE_WITHIN_NATIVE_VIEWPORT"
"assets/content/ui/mastery-medals/mastery-medal-06-emerald.png","included","included","astc","present","","768","768","measured","121835","tracked","VRAM Compressed","s3tc_bptc;etc2_astc","true","etc2_astc:s3tc_bptc;etc2_astc","ETC2_ASTC","false","disabled","0","","","unknown","No literal production display maximum was statically discoverable.","keep-current-native-viewport-bounded","SOURCE_WITHIN_NATIVE_VIEWPORT"
"assets/content/ui/mastery-medals/mastery-medal-07-ruby.png","included","included","astc","present","","768","768","measured","114507","tracked","VRAM Compressed","s3tc_bptc;etc2_astc","true","etc2_astc:s3tc_bptc;etc2_astc","ETC2_ASTC","false","disabled","0","","","unknown","No literal production display maximum was statically discoverable.","keep-current-native-viewport-bounded","SOURCE_WITHIN_NATIVE_VIEWPORT"
"assets/content/ui/mastery-medals/mastery-medal-08-diamond.png","included","included","astc","present","","768","768","measured","111819","tracked","VRAM Compressed","s3tc_bptc;etc2_astc","true","etc2_astc:s3tc_bptc;etc2_astc","ETC2_ASTC","false","disabled","0","","","unknown","No literal production display maximum was statically discoverable.","keep-current-native-viewport-bounded","SOURCE_WITHIN_NATIVE_VIEWPORT"
"assets/content/ui/mastery-medals/mastery-medal-09-demonic.png","included","included","astc","present","","768","768","measured","203498","tracked","VRAM Compressed","s3tc_bptc;etc2_astc","true","etc2_astc:s3tc_bptc;etc2_astc","ETC2_ASTC","false","disabled","0","","","unknown","No literal production display maximum was statically discoverable.","keep-current-native-viewport-bounded","SOURCE_WITHIN_NATIVE_VIEWPORT"
"assets/content/ui/mastery-medals/mastery-medal-10-heavenly.png","included","included","astc","present","","768","768","measured","230765","tracked","VRAM Compressed","s3tc_bptc;etc2_astc","true","etc2_astc:s3tc_bptc;etc2_astc","ETC2_ASTC","false","disabled","0","","","unknown","No literal production display maximum was statically discoverable.","keep-current-native-viewport-bounded","SOURCE_WITHIN_NATIVE_VIEWPORT"
"assets/content/ui/mastery-medals/mastery-medal-11-elite-bronze.png","included","included","astc","present","","768","768","measured","140553","tracked","VRAM Compressed","s3tc_bptc;etc2_astc","true","etc2_astc:s3tc_bptc;etc2_astc","ETC2_ASTC","false","disabled","0","","","unknown","No literal production display maximum was statically discoverable.","keep-current-native-viewport-bounded","SOURCE_WITHIN_NATIVE_VIEWPORT"
"assets/content/ui/mastery-medals/mastery-medal-12-elite-silver.png","included","included","astc","present","","768","768","measured","133565","tracked","VRAM Compressed","s3tc_bptc;etc2_astc","true","etc2_astc:s3tc_bptc;etc2_astc","ETC2_ASTC","false","disabled","0","","","unknown","No literal production display maximum was statically discoverable.","keep-current-native-viewport-bounded","SOURCE_WITHIN_NATIVE_VIEWPORT"
"assets/content/ui/mastery-medals/mastery-medal-13-elite-gold.png","included","included","astc","present","","768","768","measured","135949","tracked","VRAM Compressed","s3tc_bptc;etc2_astc","true","etc2_astc:s3tc_bptc;etc2_astc","ETC2_ASTC","false","disabled","0","","","unknown","No literal production display maximum was statically discoverable.","keep-current-native-viewport-bounded","SOURCE_WITHIN_NATIVE_VIEWPORT"
"assets/content/ui/mastery-medals/mastery-medal-14-elite-platinum.png","included","included","astc","present","","768","768","measured","128800","tracked","VRAM Compressed","s3tc_bptc;etc2_astc","true","etc2_astc:s3tc_bptc;etc2_astc","ETC2_ASTC","false","disabled","0","","","unknown","No literal production display maximum was statically discoverable.","keep-current-native-viewport-bounded","SOURCE_WITHIN_NATIVE_VIEWPORT"
"assets/content/ui/mastery-medals/mastery-medal-15-elite-sapphire.png","included","included","astc","present","","768","768","measured","139128","tracked","VRAM Compressed","s3tc_bptc;etc2_astc","true","etc2_astc:s3tc_bptc;etc2_astc","ETC2_ASTC","false","disabled","0","","","unknown","No literal production display maximum was statically discoverable.","keep-current-native-viewport-bounded","SOURCE_WITHIN_NATIVE_VIEWPORT"
"assets/content/ui/mastery-medals/mastery-medal-16-elite-emerald.png","included","included","astc","present","","768","768","measured","139208","tracked","VRAM Compressed","s3tc_bptc;etc2_astc","true","etc2_astc:s3tc_bptc;etc2_astc","ETC2_ASTC","false","disabled","0","","","unknown","No literal production display maximum was statically discoverable.","keep-current-native-viewport-bounded","SOURCE_WITHIN_NATIVE_VIEWPORT"
"assets/content/ui/mastery-medals/mastery-medal-17-elite-ruby.png","included","included","astc","present","","768","768","measured","136261","tracked","VRAM Compressed","s3tc_bptc;etc2_astc","true","etc2_astc:s3tc_bptc;etc2_astc","ETC2_ASTC","false","disabled","0","","","unknown","No literal production display maximum was statically discoverable.","keep-current-native-viewport-bounded","SOURCE_WITHIN_NATIVE_VIEWPORT"
"assets/content/ui/mastery-medals/mastery-medal-18-elite-diamond.png","included","included","astc","present","","768","768","measured","134955","tracked","VRAM Compressed","s3tc_bptc;etc2_astc","true","etc2_astc:s3tc_bptc;etc2_astc","ETC2_ASTC","false","disabled","0","","","unknown","No literal production display maximum was statically discoverable.","keep-current-native-viewport-bounded","SOURCE_WITHIN_NATIVE_VIEWPORT"
"assets/content/ui/mastery-medals/mastery-medal-19-elite-demonic.png","included","included","astc","present","","768","768","measured","177631","tracked","VRAM Compressed","s3tc_bptc;etc2_astc","true","etc2_astc:s3tc_bptc;etc2_astc","ETC2_ASTC","false","disabled","0","","","unknown","No literal production display maximum was statically discoverable.","keep-current-native-viewport-bounded","SOURCE_WITHIN_NATIVE_VIEWPORT"
"assets/content/ui/mastery-medals/mastery-medal-20-elite-heavenly.png","included","included","astc","present","","768","768","measured","204111","tracked","VRAM Compressed","s3tc_bptc;etc2_astc","true","etc2_astc:s3tc_bptc;etc2_astc","ETC2_ASTC","false","disabled","0","","","unknown","No literal production display maximum was statically discoverable.","keep-current-native-viewport-bounded","SOURCE_WITHIN_NATIVE_VIEWPORT"
"assets/content/ui/mats/mat-bg-stone.png","included","included","astc","present","","1254","1254","measured","1965452","tracked","VRAM Compressed","s3tc_bptc;etc2_astc","true","etc2_astc:s3tc_bptc;etc2_astc","ETC2_ASTC","false","disabled","1080","","","unknown","No literal production display maximum was statically discoverable.","downsample-at-import","GODOT_SIZE_LIMIT"
"assets/content/ui/mats/mat-bg-wood.png","included","included","astc","present","","1254","1254","measured","1878441","tracked","VRAM Compressed","s3tc_bptc;etc2_astc","true","etc2_astc:s3tc_bptc;etc2_astc","ETC2_ASTC","false","disabled","1080","","","unknown","No literal production display maximum was statically discoverable.","downsample-at-import","GODOT_SIZE_LIMIT"
"assets/content/ui/navigation-controls/nav-open-close.png","included","included","astc","present","","512","512","measured","185144","tracked","VRAM Compressed","s3tc_bptc;etc2_astc","true","etc2_astc:s3tc_bptc;etc2_astc","ETC2_ASTC","false","disabled","0","","","unknown","No literal production display maximum was statically discoverable.","keep-current-native-viewport-bounded","SOURCE_WITHIN_NATIVE_VIEWPORT"
"assets/content/ui/navigation-controls/pin-color/pin-color-blue.png","included","included","default","present","","256","256","measured","32434","tracked","Lossless","default","false","Lossless","LOSSLESS","false","disabled","0","","","unknown","No literal production display maximum was statically discoverable.","keep-current-native-viewport-bounded","SOURCE_WITHIN_NATIVE_VIEWPORT"
"assets/content/ui/navigation-controls/pin-color/pin-color-green.png","included","included","default","present","","256","256","measured","32505","tracked","Lossless","default","false","Lossless","LOSSLESS","false","disabled","0","","","unknown","No literal production display maximum was statically discoverable.","keep-current-native-viewport-bounded","SOURCE_WITHIN_NATIVE_VIEWPORT"
"assets/content/ui/navigation-controls/pin-color/pin-color-orange.png","included","included","default","present","","256","256","measured","32239","tracked","Lossless","default","false","Lossless","LOSSLESS","false","disabled","0","","","unknown","No literal production display maximum was statically discoverable.","keep-current-native-viewport-bounded","SOURCE_WITHIN_NATIVE_VIEWPORT"
"assets/content/ui/navigation-controls/pin-color/pin-color-pink.png","included","included","default","present","","256","256","measured","32840","tracked","Lossless","default","false","Lossless","LOSSLESS","false","disabled","0","","","unknown","No literal production display maximum was statically discoverable.","keep-current-native-viewport-bounded","SOURCE_WITHIN_NATIVE_VIEWPORT"
"assets/content/ui/navigation-controls/pin-color/pin-color-purple.png","included","included","default","present","","256","256","measured","32825","tracked","Lossless","default","false","Lossless","LOSSLESS","false","disabled","0","","","unknown","No literal production display maximum was statically discoverable.","keep-current-native-viewport-bounded","SOURCE_WITHIN_NATIVE_VIEWPORT"
"assets/content/ui/navigation-controls/pin-color/pin-color-red.png","included","included","default","present","","256","256","measured","29210","tracked","Lossless","default","false","Lossless","LOSSLESS","false","disabled","0","","","unknown","No literal production display maximum was statically discoverable.","keep-current-native-viewport-bounded","SOURCE_WITHIN_NATIVE_VIEWPORT"
"assets/content/ui/navigation-controls/pin-color/pin-color-teal.png","included","included","default","present","","256","256","measured","31768","tracked","Lossless","default","false","Lossless","LOSSLESS","false","disabled","0","","","unknown","No literal production display maximum was statically discoverable.","keep-current-native-viewport-bounded","SOURCE_WITHIN_NATIVE_VIEWPORT"
"assets/content/ui/navigation-controls/pin-color/pin-color-yellow.png","included","included","default","present","","256","256","measured","32639","tracked","Lossless","default","false","Lossless","LOSSLESS","false","disabled","0","","","unknown","No literal production display maximum was statically discoverable.","keep-current-native-viewport-bounded","SOURCE_WITHIN_NATIVE_VIEWPORT"
"assets/content/ui/navigation-controls/pin.png","included","included","default","present","","256","256","measured","35777","tracked","Lossless","default","false","Lossless","LOSSLESS","false","disabled","0","","","unknown","No literal production display maximum was statically discoverable.","keep-current-native-viewport-bounded","SOURCE_WITHIN_NATIVE_VIEWPORT"
"assets/content/ui/navigation-controls/queue.png","included","included","default","present","","256","256","measured","1531","tracked","Lossless","default","false","Lossless","LOSSLESS","false","disabled","0","","","unknown","No literal production display maximum was statically discoverable.","keep-current-native-viewport-bounded","SOURCE_WITHIN_NATIVE_VIEWPORT"
"assets/content/ui/navigation-controls/skills-overview.png","included","included","default","present","","256","256","measured","50369","tracked","Lossless","default","false","Lossless","LOSSLESS","false","disabled","0","","","unknown","No literal production display maximum was statically discoverable.","keep-current-native-viewport-bounded","SOURCE_WITHIN_NATIVE_VIEWPORT"
"assets/content/ui/navigation-controls/sort-list.png","included","included","default","present","","256","256","measured","17990","tracked","Lossless","default","false","Lossless","LOSSLESS","false","disabled","0","","","unknown","No literal production display maximum was statically discoverable.","keep-current-native-viewport-bounded","SOURCE_WITHIN_NATIVE_VIEWPORT"
"assets/content/ui/profile-avatar-blue-guy-spritesheet-1080p.png","included","included","astc","present","","1280","512","measured","1153151","tracked","VRAM Compressed","s3tc_bptc;etc2_astc","true","etc2_astc:s3tc_bptc;etc2_astc","ETC2_ASTC","false","disabled","0","155","155","reviewed-static","profile_chat_overlay_surface.gd 256 px cells and 155 px avatar change control","re-authored-reviewed-atlas","REVIEWED_1080_DERIVATIVE"
"assets/content/ui/profile-avatar-game-objects-spritesheet-1080p.png","included","included","astc","present","","1280","512","measured","938803","tracked","VRAM Compressed","s3tc_bptc;etc2_astc","true","etc2_astc:s3tc_bptc;etc2_astc","ETC2_ASTC","false","disabled","0","155","155","reviewed-static","profile_chat_overlay_surface.gd 256 px cells and 155 px avatar change control","re-authored-reviewed-atlas","REVIEWED_1080_DERIVATIVE"
"assets/content/ui/progress-star-icon.png","included","included","astc","present","","512","512","measured","90511","tracked","VRAM Compressed","s3tc_bptc;etc2_astc","true","etc2_astc:s3tc_bptc;etc2_astc","ETC2_ASTC","false","disabled","0","","","unknown","No literal production display maximum was statically discoverable.","keep-current-native-viewport-bounded","SOURCE_WITHIN_NATIVE_VIEWPORT"
"assets/content/ui/rewarded-ad-icon.png","included","included","astc","present","","768","768","measured","379334","tracked","VRAM Compressed","s3tc_bptc;etc2_astc","true","etc2_astc:s3tc_bptc;etc2_astc","ETC2_ASTC","false","disabled","0","170","170","partial-static","scripts/ui/shop_surface.gd constant REWARDED_AD_ICON_TEXTURE via _image Vector2","keep-current-native-viewport-bounded","SOURCE_WITHIN_NATIVE_VIEWPORT"
"assets/content/ui/settings-gear-icon.png","included","included","astc","present","","634","640","measured","324587","tracked","VRAM Compressed","s3tc_bptc;etc2_astc","true","etc2_astc:s3tc_bptc;etc2_astc","ETC2_ASTC","false","disabled","0","","","unknown","No literal production display maximum was statically discoverable.","keep-current-native-viewport-bounded","SOURCE_WITHIN_NATIVE_VIEWPORT"
"assets/content/ui/shop-icon.png","included","included","astc","present","","512","512","measured","175830","tracked","VRAM Compressed","s3tc_bptc;etc2_astc","true","etc2_astc:s3tc_bptc;etc2_astc","ETC2_ASTC","false","disabled","0","","","unknown","No literal production display maximum was statically discoverable.","keep-current-native-viewport-bounded","SOURCE_WITHIN_NATIVE_VIEWPORT"
"assets/content/ui/tier-plaques/tier-plaque-01.png","included","included","default","present","","835","267","measured","204006","tracked","Lossless","default","false","Lossless","LOSSLESS","false","disabled","0","","","unknown","No literal production display maximum was statically discoverable.","keep-current-native-viewport-bounded","SOURCE_WITHIN_NATIVE_VIEWPORT"
"assets/content/ui/tier-plaques/tier-plaque-02.png","included","included","default","present","","834","274","measured","225382","tracked","Lossless","default","false","Lossless","LOSSLESS","false","disabled","0","","","unknown","No literal production display maximum was statically discoverable.","keep-current-native-viewport-bounded","SOURCE_WITHIN_NATIVE_VIEWPORT"
"assets/content/ui/tier-plaques/tier-plaque-03.png","included","included","default","present","","834","280","measured","208548","tracked","Lossless","default","false","Lossless","LOSSLESS","false","disabled","0","","","unknown","No literal production display maximum was statically discoverable.","keep-current-native-viewport-bounded","SOURCE_WITHIN_NATIVE_VIEWPORT"
"assets/content/ui/tier-plaques/tier-plaque-04.png","included","included","default","present","","834","280","measured","193610","tracked","Lossless","default","false","Lossless","LOSSLESS","false","disabled","0","","","unknown","No literal production display maximum was statically discoverable.","keep-current-native-viewport-bounded","SOURCE_WITHIN_NATIVE_VIEWPORT"
"assets/content/ui/tier-plaques/tier-plaque-05.png","included","included","default","present","","834","279","measured","200885","tracked","Lossless","default","false","Lossless","LOSSLESS","false","disabled","0","","","unknown","No literal production display maximum was statically discoverable.","keep-current-native-viewport-bounded","SOURCE_WITHIN_NATIVE_VIEWPORT"
"assets/content/ui/tier-plaques/tier-plaque-06.png","included","included","default","present","","834","279","measured","187714","tracked","Lossless","default","false","Lossless","LOSSLESS","false","disabled","0","","","unknown","No literal production display maximum was statically discoverable.","keep-current-native-viewport-bounded","SOURCE_WITHIN_NATIVE_VIEWPORT"
"assets/content/ui/tier-plaques/tier-plaque-07.png","included","included","default","present","","888","272","measured","177448","tracked","Lossless","default","false","Lossless","LOSSLESS","false","disabled","0","","","unknown","No literal production display maximum was statically discoverable.","keep-current-native-viewport-bounded","SOURCE_WITHIN_NATIVE_VIEWPORT"
"assets/content/ui/tier-plaques/tier-plaque-08.png","included","included","default","present","","888","277","measured","178808","tracked","Lossless","default","false","Lossless","LOSSLESS","false","disabled","0","","","unknown","No literal production display maximum was statically discoverable.","keep-current-native-viewport-bounded","SOURCE_WITHIN_NATIVE_VIEWPORT"
"assets/content/ui/tier-plaques/tier-plaque-09.png","included","included","default","present","","887","277","measured","180190","tracked","Lossless","default","false","Lossless","LOSSLESS","false","disabled","0","","","unknown","No literal production display maximum was statically discoverable.","keep-current-native-viewport-bounded","SOURCE_WITHIN_NATIVE_VIEWPORT"
"assets/content/ui/tier-plaques/tier-plaque-10.png","included","included","default","present","","888","276","measured","177618","tracked","Lossless","default","false","Lossless","LOSSLESS","false","disabled","0","","","unknown","No literal production display maximum was statically discoverable.","keep-current-native-viewport-bounded","SOURCE_WITHIN_NATIVE_VIEWPORT"
"assets/content/ui/tier-plaques/tier-plaque-11.png","included","included","default","present","","888","275","measured","189868","tracked","Lossless","default","false","Lossless","LOSSLESS","false","disabled","0","","","unknown","No literal production display maximum was statically discoverable.","keep-current-native-viewport-bounded","SOURCE_WITHIN_NATIVE_VIEWPORT"
"assets/content/ui/tier-plaques/tier-plaque-12.png","included","included","default","present","","888","282","measured","191025","tracked","Lossless","default","false","Lossless","LOSSLESS","false","disabled","0","","","unknown","No literal production display maximum was statically discoverable.","keep-current-native-viewport-bounded","SOURCE_WITHIN_NATIVE_VIEWPORT"
"assets/content/ui/tier-plaques/tier-plaque-13.png","included","included","default","present","","792","277","measured","210026","tracked","Lossless","default","false","Lossless","LOSSLESS","false","disabled","0","","","unknown","No literal production display maximum was statically discoverable.","keep-current-native-viewport-bounded","SOURCE_WITHIN_NATIVE_VIEWPORT"
"assets/content/ui/tier-plaques/tier-plaque-14.png","included","included","default","present","","792","276","measured","219073","tracked","Lossless","default","false","Lossless","LOSSLESS","false","disabled","0","","","unknown","No literal production display maximum was statically discoverable.","keep-current-native-viewport-bounded","SOURCE_WITHIN_NATIVE_VIEWPORT"
"assets/content/ui/tier-plaques/tier-plaque-15.png","included","included","default","present","","792","281","measured","215504","tracked","Lossless","default","false","Lossless","LOSSLESS","false","disabled","0","","","unknown","No literal production display maximum was statically discoverable.","keep-current-native-viewport-bounded","SOURCE_WITHIN_NATIVE_VIEWPORT"
"assets/content/ui/tier-plaques/tier-plaque-16.png","included","included","default","present","","792","289","measured","199423","tracked","Lossless","default","false","Lossless","LOSSLESS","false","disabled","0","","","unknown","No literal production display maximum was statically discoverable.","keep-current-native-viewport-bounded","SOURCE_WITHIN_NATIVE_VIEWPORT"
"assets/content/ui/tier-plaques/tier-plaque-17.png","included","included","default","present","","792","281","measured","190425","tracked","Lossless","default","false","Lossless","LOSSLESS","false","disabled","0","","","unknown","No literal production display maximum was statically discoverable.","keep-current-native-viewport-bounded","SOURCE_WITHIN_NATIVE_VIEWPORT"
"assets/content/ui/tier-plaques/tier-plaque-18.png","included","included","default","present","","792","282","measured","185663","tracked","Lossless","default","false","Lossless","LOSSLESS","false","disabled","0","","","unknown","No literal production display maximum was statically discoverable.","keep-current-native-viewport-bounded","SOURCE_WITHIN_NATIVE_VIEWPORT"
"assets/content/ui/tier-plaques/tier-plaque-19.png","included","included","astc","present","","942","326","measured","244971","tracked","VRAM Compressed","s3tc_bptc;etc2_astc","true","etc2_astc:s3tc_bptc;etc2_astc","ETC2_ASTC","false","disabled","0","","","unknown","No literal production display maximum was statically discoverable.","keep-current-native-viewport-bounded","SOURCE_WITHIN_NATIVE_VIEWPORT"
"assets/content/ui/tier-plaques/tier-plaque-20.png","included","included","astc","present","","941","326","measured","248797","tracked","VRAM Compressed","s3tc_bptc;etc2_astc","true","etc2_astc:s3tc_bptc;etc2_astc","ETC2_ASTC","false","disabled","0","","","unknown","No literal production display maximum was statically discoverable.","keep-current-native-viewport-bounded","SOURCE_WITHIN_NATIVE_VIEWPORT"
"assets/content/ui/tier-plaques/tier-plaque-21.png","included","included","astc","present","","942","324","measured","264857","tracked","VRAM Compressed","s3tc_bptc;etc2_astc","true","etc2_astc:s3tc_bptc;etc2_astc","ETC2_ASTC","false","disabled","0","","","unknown","No literal production display maximum was statically discoverable.","keep-current-native-viewport-bounded","SOURCE_WITHIN_NATIVE_VIEWPORT"
"assets/content/ui/tier-plaques/tier-plaque-22.png","included","included","astc","present","","942","322","measured","244504","tracked","VRAM Compressed","s3tc_bptc;etc2_astc","true","etc2_astc:s3tc_bptc;etc2_astc","ETC2_ASTC","false","disabled","0","","","unknown","No literal production display maximum was statically discoverable.","keep-current-native-viewport-bounded","SOURCE_WITHIN_NATIVE_VIEWPORT"
"assets/content/ui/total-level-bargraph.png","included","included","astc","present","","640","609","measured","284529","tracked","VRAM Compressed","s3tc_bptc;etc2_astc","true","etc2_astc:s3tc_bptc;etc2_astc","ETC2_ASTC","false","disabled","0","","","unknown","No literal production display maximum was statically discoverable.","keep-current-native-viewport-bounded","SOURCE_WITHIN_NATIVE_VIEWPORT"
"assets/content/ui/tutorial-arrow-curved.png","included","included","astc","present","","980","1590","measured","302479","tracked","VRAM Compressed","s3tc_bptc;etc2_astc","true","etc2_astc:s3tc_bptc;etc2_astc","ETC2_ASTC","false","disabled","0","","","unknown","No literal production display maximum was statically discoverable.","keep-current-native-viewport-bounded","SOURCE_WITHIN_NATIVE_VIEWPORT"
"assets/content/ui/unlock-chain-left.png","included","included","default","present","","408","187","measured","70418","tracked","Lossless","default","false","Lossless","LOSSLESS","false","disabled","0","","","unknown","No literal production display maximum was statically discoverable.","keep-current-native-viewport-bounded","SOURCE_WITHIN_NATIVE_VIEWPORT"
"assets/content/ui/unlock-chain-link.png","included","included","default","present","","512","320","measured","4521","tracked","Lossless","default","false","Lossless","LOSSLESS","false","disabled","0","","","unknown","No literal production display maximum was statically discoverable.","keep-current-native-viewport-bounded","SOURCE_WITHIN_NATIVE_VIEWPORT"
"assets/content/ui/unlock-chain-right.png","included","included","default","present","","418","187","measured","71460","tracked","Lossless","default","false","Lossless","LOSSLESS","false","disabled","0","","","unknown","No literal production display maximum was statically discoverable.","keep-current-native-viewport-bounded","SOURCE_WITHIN_NATIVE_VIEWPORT"
"assets/content/ui/unlock-lock-body.png","included","included","default","present","","419","454","measured","42472","tracked","Lossless","default","false","Lossless","LOSSLESS","false","disabled","0","","","unknown","No literal production display maximum was statically discoverable.","keep-current-native-viewport-bounded","SOURCE_WITHIN_NATIVE_VIEWPORT"
"assets/content/ui/unlock-lock-chains.png","included","included","astc","present","","1736","470","measured","365827","tracked","VRAM Compressed","s3tc_bptc;etc2_astc","true","etc2_astc:s3tc_bptc;etc2_astc","ETC2_ASTC","false","disabled","1080","","","unknown","No literal production display maximum was statically discoverable.","downsample-at-import","GODOT_SIZE_LIMIT"
"assets/content/ui/unlock-lock-pulse-mask.png","included","included","default","present","","419","454","measured","6463","tracked","Lossless","default","false","Lossless","LOSSLESS","false","disabled","0","","","unknown","No literal production display maximum was statically discoverable.","keep-current-native-viewport-bounded","SOURCE_WITHIN_NATIVE_VIEWPORT"
"assets/content/ui/unlock-lock-shackle-closed.png","included","included","default","present","","419","454","measured","118259","tracked","Lossless","default","false","Lossless","LOSSLESS","false","disabled","0","","","unknown","No literal production display maximum was statically discoverable.","keep-current-native-viewport-bounded","SOURCE_WITHIN_NATIVE_VIEWPORT"
"assets/content/ui/unlock-lock-shackle-open.png","included","included","default","present","","419","454","measured","14132","tracked","Lossless","default","false","Lossless","LOSSLESS","false","disabled","0","","","unknown","No literal production display maximum was statically discoverable.","keep-current-native-viewport-bounded","SOURCE_WITHIN_NATIVE_VIEWPORT"
"assets/content/ui/unlock-lock-tint-mask.png","included","included","default","present","","419","454","measured","2277","tracked","Lossless","default","false","Lossless","LOSSLESS","false","disabled","0","","","unknown","No literal production display maximum was statically discoverable.","keep-current-native-viewport-bounded","SOURCE_WITHIN_NATIVE_VIEWPORT"
"assets/content/ui/unlock-padlock.png","included","included","default","present","","422","454","measured","139387","tracked","Lossless","default","false","Lossless","LOSSLESS","false","disabled","0","","","unknown","No literal production display maximum was statically discoverable.","keep-current-native-viewport-bounded","SOURCE_WITHIN_NATIVE_VIEWPORT"
"assets/content/woodcutting/actions/01-gather-fallen-branches.png","included","included","default","present","","256","256","measured","38423","tracked","Lossless","default","false","Lossless","LOSSLESS","true","enabled","0","213.6","213.6","partial-static","docs/activity-database.json art via ActionArtUi.ACTION_ART_SIZE","keep-current-native-viewport-bounded","SOURCE_WITHIN_NATIVE_VIEWPORT"
"assets/content/woodcutting/actions/02-snap-a-twig-with-purpose.png","included","included","default","present","","256","256","measured","26250","tracked","Lossless","default","false","Lossless","LOSSLESS","true","enabled","0","213.6","213.6","partial-static","docs/activity-database.json art via ActionArtUi.ACTION_ART_SIZE","keep-current-native-viewport-bounded","SOURCE_WITHIN_NATIVE_VIEWPORT"
"assets/content/woodcutting/actions/03-trim-overconfident-shrub.png","included","included","default","present","","256","256","measured","38095","tracked","Lossless","default","false","Lossless","LOSSLESS","true","enabled","0","213.6","213.6","partial-static","docs/activity-database.json art via ActionArtUi.ACTION_ART_SIZE","keep-current-native-viewport-bounded","SOURCE_WITHIN_NATIVE_VIEWPORT"
"assets/content/woodcutting/actions/04-chop-softwood-tree.png","included","included","default","present","","256","256","measured","53102","tracked","Lossless","default","false","Lossless","LOSSLESS","true","enabled","0","213.6","213.6","partial-static","docs/activity-database.json art via ActionArtUi.ACTION_ART_SIZE","keep-current-native-viewport-bounded","SOURCE_WITHIN_NATIVE_VIEWPORT"
"assets/content/woodcutting/actions/05-split-firewood.png","included","included","default","present","","256","256","measured","42994","tracked","Lossless","default","false","Lossless","LOSSLESS","true","enabled","0","","","unknown","No literal production display maximum was statically discoverable.","keep-current-native-viewport-bounded","SOURCE_WITHIN_NATIVE_VIEWPORT"
"assets/content/woodcutting/actions/06-fell-skinny-pine.png","included","included","default","present","","256","256","measured","40559","tracked","Lossless","default","false","Lossless","LOSSLESS","true","enabled","0","213.6","213.6","partial-static","docs/activity-database.json art via ActionArtUi.ACTION_ART_SIZE","keep-current-native-viewport-bounded","SOURCE_WITHIN_NATIVE_VIEWPORT"
"assets/content/woodcutting/actions/07-prune-orchard-row.png","included","included","default","present","","256","256","measured","46257","tracked","Lossless","default","false","Lossless","LOSSLESS","true","enabled","0","213.6","213.6","partial-static","docs/activity-database.json art via ActionArtUi.ACTION_ART_SIZE","keep-current-native-viewport-bounded","SOURCE_WITHIN_NATIVE_VIEWPORT"
"assets/content/woodcutting/actions/08-chop-knotty-maple.png","included","included","default","present","","256","256","measured","58236","tracked","Lossless","default","false","Lossless","LOSSLESS","true","enabled","0","213.6","213.6","partial-static","docs/activity-database.json art via ActionArtUi.ACTION_ART_SIZE","keep-current-native-viewport-bounded","SOURCE_WITHIN_NATIVE_VIEWPORT"
"assets/content/woodcutting/actions/09-fell-oak-tree.png","included","included","default","present","","256","256","measured","60811","tracked","Lossless","default","false","Lossless","LOSSLESS","true","enabled","0","213.6","213.6","partial-static","docs/activity-database.json art via ActionArtUi.ACTION_ART_SIZE","keep-current-native-viewport-bounded","SOURCE_WITHIN_NATIVE_VIEWPORT"
"assets/content/woodcutting/actions/10-clear-dense-grove.png","included","included","default","present","","256","256","measured","63629","tracked","Lossless","default","false","Lossless","LOSSLESS","true","enabled","0","213.6","213.6","partial-static","docs/activity-database.json art via ActionArtUi.ACTION_ART_SIZE","keep-current-native-viewport-bounded","SOURCE_WITHIN_NATIVE_VIEWPORT"
"assets/content/woodcutting/actions/11-harvest-ironwood.png","included","included","default","present","","256","256","measured","52738","tracked","Lossless","default","false","Lossless","LOSSLESS","true","enabled","0","213.6","213.6","partial-static","docs/activity-database.json art via ActionArtUi.ACTION_ART_SIZE","keep-current-native-viewport-bounded","SOURCE_WITHIN_NATIVE_VIEWPORT"
"assets/content/woodcutting/actions/12-carve-through-fallen-giant.png","included","included","default","present","","256","256","measured","54224","tracked","Lossless","default","false","Lossless","LOSSLESS","true","enabled","0","213.6","213.6","partial-static","docs/activity-database.json art via ActionArtUi.ACTION_ART_SIZE","keep-current-native-viewport-bounded","SOURCE_WITHIN_NATIVE_VIEWPORT"
"assets/content/woodcutting/actions/13-chop-ancient-tree.png","included","included","default","present","","256","256","measured","59467","tracked","Lossless","default","false","Lossless","LOSSLESS","true","enabled","0","213.6","213.6","partial-static","docs/activity-database.json art via ActionArtUi.ACTION_ART_SIZE","keep-current-native-viewport-bounded","SOURCE_WITHIN_NATIVE_VIEWPORT"
"assets/content/woodcutting/actions/14-negotiate-with-angry-stump.png","included","included","default","present","","256","256","measured","39628","tracked","Lossless","default","false","Lossless","LOSSLESS","true","enabled","0","","","unknown","No literal production display maximum was statically discoverable.","keep-current-native-viewport-bounded","SOURCE_WITHIN_NATIVE_VIEWPORT"
"assets/content/woodcutting/actions/15-clear-mystic-timberland.png","included","included","default","present","","256","256","measured","82045","tracked","Lossless","default","false","Lossless","LOSSLESS","true","enabled","0","213.6","213.6","partial-static","docs/activity-database.json art via ActionArtUi.ACTION_ART_SIZE","keep-current-native-viewport-bounded","SOURCE_WITHIN_NATIVE_VIEWPORT"
"assets/content/woodcutting/actions/16-split-lightning-struck-cedar.png","included","included","default","present","","256","256","measured","38307","tracked","Lossless","default","false","Lossless","LOSSLESS","true","enabled","0","213.6","213.6","partial-static","docs/activity-database.json art via ActionArtUi.ACTION_ART_SIZE","keep-current-native-viewport-bounded","SOURCE_WITHIN_NATIVE_VIEWPORT"
"assets/content/woodcutting/actions/17-fell-tree-that-remembers-you.png","included","included","default","present","","256","256","measured","63324","tracked","Lossless","default","false","Lossless","LOSSLESS","true","enabled","0","213.6","213.6","partial-static","docs/activity-database.json art via ActionArtUi.ACTION_ART_SIZE","keep-current-native-viewport-bounded","SOURCE_WITHIN_NATIVE_VIEWPORT"
"assets/content/woodcutting/actions/18-chop-invisible-windwood.png","included","included","default","present","","256","256","measured","62892","tracked","Lossless","default","false","Lossless","LOSSLESS","true","enabled","0","213.6","213.6","partial-static","docs/activity-database.json art via ActionArtUi.ACTION_ART_SIZE","keep-current-native-viewport-bounded","SOURCE_WITHIN_NATIVE_VIEWPORT"
"assets/content/woodcutting/actions/19-harvest-moonlit-silverwood.png","included","included","default","present","","256","256","measured","62998","tracked","Lossless","default","false","Lossless","LOSSLESS","true","enabled","0","213.6","213.6","partial-static","docs/activity-database.json art via ActionArtUi.ACTION_ART_SIZE","keep-current-native-viewport-bounded","SOURCE_WITHIN_NATIVE_VIEWPORT"
"assets/content/woodcutting/actions/20-clear-the-forest-s-legal-department.png","included","included","default","present","","256","256","measured","68211","tracked","Lossless","default","false","Lossless","LOSSLESS","true","enabled","0","213.6","213.6","partial-static","docs/activity-database.json art via ActionArtUi.ACTION_ART_SIZE","keep-current-native-viewport-bounded","SOURCE_WITHIN_NATIVE_VIEWPORT"
"assets/content/woodcutting/actions/21-axe-the-world-tree-s-paperwork.png","included","included","default","present","","256","256","measured","71117","tracked","Lossless","default","false","Lossless","LOSSLESS","true","enabled","0","213.6","213.6","partial-static","docs/activity-database.json art via ActionArtUi.ACTION_ART_SIZE","keep-current-native-viewport-bounded","SOURCE_WITHIN_NATIVE_VIEWPORT"
"assets/content/woodcutting/actions/22-chop-a-tree-in-four-timelines.png","included","included","default","present","","256","256","measured","56485","tracked","Lossless","default","false","Lossless","LOSSLESS","true","enabled","0","213.6","213.6","partial-static","docs/activity-database.json art via ActionArtUi.ACTION_ART_SIZE","keep-current-native-viewport-bounded","SOURCE_WITHIN_NATIVE_VIEWPORT"
"assets/content/woodcutting/actions/23-fell-the-wooden-concept-of-height.png","included","included","default","present","","256","256","measured","32663","tracked","Lossless","default","false","Lossless","LOSSLESS","true","enabled","0","213.6","213.6","partial-static","docs/activity-database.json art via ActionArtUi.ACTION_ART_SIZE","keep-current-native-viewport-bounded","SOURCE_WITHIN_NATIVE_VIEWPORT"
"assets/content/woodcutting/actions/24-harvest-the-first-tree-s-apology.png","included","included","default","present","","256","256","measured","44192","tracked","Lossless","default","false","Lossless","LOSSLESS","true","enabled","0","213.6","213.6","partial-static","docs/activity-database.json art via ActionArtUi.ACTION_ART_SIZE","keep-current-native-viewport-bounded","SOURCE_WITHIN_NATIVE_VIEWPORT"
"assets/content/woodcutting/actions/25-clear-the-infinite-lumberyard.png","included","included","default","present","","256","256","measured","76467","tracked","Lossless","default","false","Lossless","LOSSLESS","true","enabled","0","213.6","213.6","partial-static","docs/activity-database.json art via ActionArtUi.ACTION_ART_SIZE","keep-current-native-viewport-bounded","SOURCE_WITHIN_NATIVE_VIEWPORT"
"assets/content/woodcutting/actions/build-saw-planks.png","included","included","default","present","","256","256","measured","32274","tracked","Lossless","default","false","Lossless","LOSSLESS","true","enabled","0","213.6","213.6","partial-static","docs/activity-database.json art via ActionArtUi.ACTION_ART_SIZE","keep-current-native-viewport-bounded","SOURCE_WITHIN_NATIVE_VIEWPORT"
"assets/content/woodcutting/actions/fight-duel-the-angry-stump.png","included","included","default","present","","256","256","measured","33315","tracked","Lossless","default","false","Lossless","LOSSLESS","true","enabled","0","213.6","213.6","partial-static","docs/activity-database.json art via ActionArtUi.ACTION_ART_SIZE","keep-current-native-viewport-bounded","SOURCE_WITHIN_NATIVE_VIEWPORT"
"assets/content/woodcutting/actions/woodcutting-negotiate-with-angry-stump.png","included","included","default","present","","256","256","measured","30818","tracked","Lossless","default","false","Lossless","LOSSLESS","true","enabled","0","213.6","213.6","partial-static","docs/activity-database.json art via ActionArtUi.ACTION_ART_SIZE","keep-current-native-viewport-bounded","SOURCE_WITHIN_NATIVE_VIEWPORT"
"assets/content/woodcutting/actions/woodcutting-split-firewood.png","included","included","default","present","","256","256","measured","34730","tracked","Lossless","default","false","Lossless","LOSSLESS","true","enabled","0","213.6","213.6","partial-static","docs/activity-database.json art via ActionArtUi.ACTION_ART_SIZE","keep-current-native-viewport-bounded","SOURCE_WITHIN_NATIVE_VIEWPORT"
"assets/content/woodcutting/backgrounds/01-early.png","included","included","astc","present","","768","344","measured","438024","tracked","VRAM Compressed","s3tc_bptc;etc2_astc","true","etc2_astc:s3tc_bptc;etc2_astc","ETC2_ASTC","true","enabled","0","","","unknown","No literal production display maximum was statically discoverable.","keep-current-native-viewport-bounded","SOURCE_WITHIN_NATIVE_VIEWPORT"
"assets/content/woodcutting/backgrounds/02-rising.png","included","included","astc","present","","768","344","measured","454925","tracked","VRAM Compressed","s3tc_bptc;etc2_astc","true","etc2_astc:s3tc_bptc;etc2_astc","ETC2_ASTC","true","enabled","0","","","unknown","No literal production display maximum was statically discoverable.","keep-current-native-viewport-bounded","SOURCE_WITHIN_NATIVE_VIEWPORT"
"assets/content/woodcutting/backgrounds/03-mid.png","included","included","astc","present","","768","344","measured","475171","tracked","VRAM Compressed","s3tc_bptc;etc2_astc","true","etc2_astc:s3tc_bptc;etc2_astc","ETC2_ASTC","true","enabled","0","","","unknown","No literal production display maximum was statically discoverable.","keep-current-native-viewport-bounded","SOURCE_WITHIN_NATIVE_VIEWPORT"
"assets/content/woodcutting/backgrounds/04-late.png","included","included","astc","present","","768","344","measured","521339","tracked","VRAM Compressed","s3tc_bptc;etc2_astc","true","etc2_astc:s3tc_bptc;etc2_astc","ETC2_ASTC","true","enabled","0","","","unknown","No literal production display maximum was statically discoverable.","keep-current-native-viewport-bounded","SOURCE_WITHIN_NATIVE_VIEWPORT"
"assets/content/woodcutting/backgrounds/05-finale.png","included","included","astc","present","","768","344","measured","487926","tracked","VRAM Compressed","s3tc_bptc;etc2_astc","true","etc2_astc:s3tc_bptc;etc2_astc","ETC2_ASTC","true","enabled","0","","","unknown","No literal production display maximum was statically discoverable.","keep-current-native-viewport-bounded","SOURCE_WITHIN_NATIVE_VIEWPORT"
"assets/content/woodcutting/modules/woodcutting-firepit-bg.png","included","included","astc","present","","1536","1024","measured","1884842","tracked","VRAM Compressed","s3tc_bptc;etc2_astc","true","etc2_astc:s3tc_bptc;etc2_astc","ETC2_ASTC","true","enabled","1080","","","unknown","No literal production display maximum was statically discoverable.","downsample-at-import","GODOT_SIZE_LIMIT"
"assets/content/woodcutting/modules/woodcutting-firepit-flame-sheet.png","included","included","astc","present","","2048","512","measured","263583","tracked","VRAM Compressed","s3tc_bptc;etc2_astc","true","etc2_astc:s3tc_bptc;etc2_astc","ETC2_ASTC","true","enabled","0","1080","1080","reviewed-static","Reviewed fixed-cell production atlas; each authored frame fits the native viewport.","keep-reviewed-authored-atlas","REVIEWED_AUTHORED_ATLAS"
"assets/content/woodcutting/modules/woodcutting-firepit-smoke-sheet.png","included","included","astc","present","","2048","256","measured","138531","tracked","VRAM Compressed","s3tc_bptc;etc2_astc","true","etc2_astc:s3tc_bptc;etc2_astc","ETC2_ASTC","true","enabled","0","1080","1080","reviewed-static","Reviewed fixed-cell production atlas; each authored frame fits the native viewport.","keep-reviewed-authored-atlas","REVIEWED_AUTHORED_ATLAS"
"assets/content/woodcutting/modules/woodcutting-firepit-warm-glow.png","included","included","astc","present","","768","768","measured","148181","tracked","VRAM Compressed","s3tc_bptc;etc2_astc","true","etc2_astc:s3tc_bptc;etc2_astc","ETC2_ASTC","true","enabled","0","","","unknown","No literal production display maximum was statically discoverable.","keep-current-native-viewport-bounded","SOURCE_WITHIN_NATIVE_VIEWPORT"
"assets/content/woodcutting/modules/woodcutting-firepit.png","included","included","astc","present","","1254","1254","measured","2044247","tracked","VRAM Compressed","s3tc_bptc;etc2_astc","true","etc2_astc:s3tc_bptc;etc2_astc","ETC2_ASTC","true","enabled","1080","213.6","213.6","partial-static","docs/activity-database.json art via ActionArtUi.ACTION_ART_SIZE","downsample-at-import","GODOT_SIZE_LIMIT"
"assets/loading/blue-guy-flex-loading-spritesheet.png","included","included","astc","present","","2048","512","measured","386968","tracked","VRAM Compressed","s3tc_bptc;etc2_astc","true","etc2_astc:s3tc_bptc;etc2_astc","ETC2_ASTC","false","disabled","0","1080","1080","reviewed-static","Reviewed fixed-cell production atlas; each authored frame fits the native viewport.","keep-reviewed-authored-atlas","REVIEWED_AUTHORED_ATLAS"
"assets/loading/blue-guy-flex-speech-bubble-blank.png","included","included","astc","present","","1800","820","measured","25258","tracked","VRAM Compressed","s3tc_bptc;etc2_astc","true","etc2_astc:s3tc_bptc;etc2_astc","ETC2_ASTC","false","disabled","1080","","","unknown","No literal production display maximum was statically discoverable.","downsample-at-import","GODOT_SIZE_LIMIT"
"assets/loading/idle-elite-berries-dragons-boot-splash-v0.5.0.png","included","included","astc","present","","941","1672","measured","2523132","tracked","VRAM Compressed","s3tc_bptc;etc2_astc","true","etc2_astc:s3tc_bptc;etc2_astc","ETC2_ASTC","false","disabled","0","","","unknown","No literal production display maximum was statically discoverable.","keep-current-native-viewport-bounded","SOURCE_WITHIN_NATIVE_VIEWPORT"
